Sunday,13,September,2026,21:26:05:00009-VCID:79F958E3F8D95B5B8C-802C,VCDS Version: Release 23.3.1 (x64),Data version: 20230421 DS346.2
03L 906 023 TB,ADVMB,R4 1.6l TDI   H43 9979,
,,G003,F0,G006,F0,G012,F0,G015,F0,G000,F0,G000,F0,G000,F0,G000,F0,G000,F0,G000,F0,G000,F0,G000,F0,

Marker,TIME,Loc. IDE00021,TIME,Loc. IDE00075,TIME,Loc. IDE00086,TIME,Loc. IDE00100-ENG101842,,,,,,,,,,,,,,,,,
,STAMP,Engine RPM,STAMP,Vehicle speed,STAMP,Accelerator pedal position,STAMP,Engine torque-TQI_SP,,,,,,,,,,,,,,,,,
,, /min,, km/h,, %,, Nm,,,,,,,,,,,,,,,,,
,0.02,919,0.02,13,0.02,14.5,0.02,18.50,,,,,,,,,,,,,,,,,
,0.20,919,0.20,13,0.20,14.5,0.20,18.38,,,,,,,,,,,,,,,,,
,0.40,920,0.40,13,0.41,14.5,0.41,18.38,,,,,,,,,,,,,,,,,
,0.61,918,0.61,13,0.62,14.5,0.62,18.63,,,,,,,,,,,,,,,,,
,0.83,917,0.83,12,0.83,14.5,0.83,18.78,,,,,,,,,,,,,,,,,
