grid80,call_site,name
0x801805FC,0x800E9E52,map_horsA2L_1805FC
0x80180688,0x800E9E8C,map_horsA2L_180688
0x801816B8,0x800DE6A8,map_horsA2L_1816B8
0x801816C8,0x800DD558,map_horsA2L_1816C8
0x801824A4,0x800C6C06,map_horsA2L_1824A4
0x80182558,0x800DD238,map_horsA2L_182558
0x80182564,0x800DD65E,map_horsA2L_182564
0x80182570,0x800E9A08,map_horsA2L_182570
0x80183518,0x800C6E6C,map_horsA2L_183518
0x80183540,0x800E9DA0,map_horsA2L_183540
0x8018357C,0x800E9AEA,map_horsA2L_18357C
0x801835AC,0x800DCFF4,map_horsA2L_1835AC
0x801836A8,0x800E9AA4,map_horsA2L_1836A8
0x80184498,0x80081A9A,map_horsA2L_184498
0x801845A4,0x800DD096,map_horsA2L_1845A4
0x801845B8,0x800DD46E,map_horsA2L_1845B8
0x801845E8,0x800EA0F6,map_horsA2L_1845E8
0x80184678,0x800DD4A4,map_horsA2L_184678
0x801854A0,0x80081BAE,map_horsA2L_1854A0
0x80185550,0x800DE670,map_horsA2L_185550
0x801855B0,0x800DD516,map_horsA2L_1855B0
0x80186450,0x800BE8F6,map_horsA2L_186450
0x801864A8,0x800819E2,map_horsA2L_1864A8
0x801865A8,0x800ED170,map_horsA2L_1865A8
0x801874B0,0x80081AF6,map_horsA2L_1874B0
0x80187518,0x800C6CB4,map_horsA2L_187518
0x801875C4,0x800E9A4A,map_horsA2L_1875C4
0x80187688,0x800E9ED0,map_horsA2L_187688
0x8018C870,0x800DD0CE,map_horsA2L_18C870
0x80196A54,0x80095386,map_horsA2L_196A54
0x80196A68,0x8009531A,map_horsA2L_196A68
0x8019848C,0x800F953A,map_horsA2L_19848C
0x80198544,0x800E28E2,map_horsA2L_198544
0x80198708,0x800E677E,map_horsA2L_198708
0x801993F0,0x800FB4CC,map_horsA2L_1993F0
0x8019947C,0x80085F44,map_horsA2L_19947C
0x801997D8,0x800AE048,map_horsA2L_1997D8
0x80199B74,0x800953F0,map_horsA2L_199B74
0x8019A3D4,0x800EF718,map_horsA2L_19A3D4
0x8019A544,0x8011227E,map_horsA2L_19A544
0x8019A554,0x801122D0,map_horsA2L_19A554
0x8019A564,0x800F03F6,map_horsA2L_19A564
0x8019A578,0x801032F2,map_horsA2L_19A578
0x8019A5DC,0x80112676,map_horsA2L_19A5DC
0x8019B3E0,0x800FB0E4,map_horsA2L_19B3E0
0x8019B3F0,0x800FB00C,map_horsA2L_19B3F0
0x8019B4C8,0x800EA644,map_horsA2L_19B4C8
0x8019B648,0x800A2820,map_horsA2L_19B648
0x8019B658,0x800CF0CC,map_horsA2L_19B658
0x8019B7E8,0x800B55FA,map_horsA2L_19B7E8
0x8019C4EC,0x800E166C,map_horsA2L_19C4EC
0x8019C4FC,0x800E15F4,map_horsA2L_19C4FC
0x8019C568,0x800EAC18,map_horsA2L_19C568
0x8019C598,0x800F99D0,map_horsA2L_19C598
0x8019C5A8,0x800AFFAE,map_horsA2L_19C5A8
0x8019D4CC,0x800AFF42,map_horsA2L_19D4CC
0x8019E480,0x8007BC86,map_horsA2L_19E480
0x8019E4E0,0x80112856,map_horsA2L_19E4E0
0x8019E7DC,0x800EED3A,map_horsA2L_19E7DC
0x8019E7F0,0x800EE0F6,map_horsA2L_19E7F0
0x8019F4BC,0x800DEB34,map_horsA2L_19F4BC
0x8019F540,0x801121FE,map_horsA2L_19F540
0x8019F61C,0x8007F122,map_horsA2L_19F61C
0x8019F7D0,0x800EEBA6,map_horsA2L_19F7D0
0x801C0714,0x800E0ECA,map_horsA2L_1C0714
0x801C0A44,0x800E4110,map_horsA2L_1C0A44
0x801C1880,0x800F05A6,map_horsA2L_1C1880
0x801C19E8,0x800DF018,map_horsA2L_1C19E8
0x801C1B50,0x800F6186,map_horsA2L_1C1B50
0x801C2794,0x80112356,map_horsA2L_1C2794
0x801C38E8,0x800FC4FE,map_horsA2L_1C38E8
0x801C3ABC,0x800E6AFA,map_horsA2L_1C3ABC
0x801C4994,0x8007D730,map_horsA2L_1C4994
0x801C4A50,0x800E6B3C,map_horsA2L_1C4A50
0x801C4BD8,0x800E986C,map_horsA2L_1C4BD8
0x801C56DC,0x801126A0,map_horsA2L_1C56DC
0x801C5940,0x800F03C4,map_horsA2L_1C5940
0x801C59B0,0x8007D762,map_horsA2L_1C59B0
0x801C5A84,0x800E3D5A,map_horsA2L_1C5A84
0x801C5AC4,0x800F5E84,map_horsA2L_1C5AC4
0x801C690C,0x801120EC,map_horsA2L_1C690C
0x801C6978,0x800F872A,map_horsA2L_1C6978
0x801C79B8,0x800AE078,map_horsA2L_1C79B8
0x801C7AC4,0x800F5F92,map_horsA2L_1C7AC4
0x801C7B10,0x80111FEA,map_horsA2L_1C7B10
0x801C8978,0x800F61FE,map_horsA2L_1C8978
0x801C89FC,0x8007DB10,map_horsA2L_1C89FC
0x801C9040,0x800CC792,map_horsA2L_1C9040
0x801C909C,0x800CC814,map_horsA2L_1C909C
0x801C92B4,0x80087954,map_horsA2L_1C92B4
0x801C9A34,0x8010F34C,map_horsA2L_1C9A34
0x801C9AE4,0x800EC152,map_horsA2L_1C9AE4
0x801C9ED4,0x80095F96,map_horsA2L_1C9ED4
0x801CA2BC,0x80087904,map_horsA2L_1CA2BC
0x801CAE84,0x800E4146,map_horsA2L_1CAE84
0x801CBAE4,0x800EC120,map_horsA2L_1CBAE4
0x801CBE40,0x80074D4E,map_horsA2L_1CBE40
0x801CBE7C,0x80074D78,map_horsA2L_1CBE7C
0x801CBF80,0x800CC53E,map_horsA2L_1CBF80
0x801CBFC0,0x800CC6E4,map_horsA2L_1CBFC0
0x801CC0EC,0x80087A78,map_horsA2L_1CC0EC
0x801CC29C,0x80087876,map_horsA2L_1CC29C
0x801CC330,0x800BFC0C,map_horsA2L_1CC330
0x801CD09C,0x800CC7DA,map_horsA2L_1CD09C
0x801CD450,0x80100730,map_horsA2L_1CD450
0x801CD900,0x80096066,map_horsA2L_1CD900
0x801CDE04,0x80074EBE,map_horsA2L_1CDE04
0x801CE310,0x800FD86C,map_horsA2L_1CE310
0x801CE3BC,0x800AEEA4,map_horsA2L_1CE3BC
0x801CE440,0x80105DE2,map_horsA2L_1CE440
0x801CE450,0x80121AFA,map_horsA2L_1CE450
0x801CE464,0x80121C1E,map_horsA2L_1CE464
0x801CE478,0x80121E4C,map_horsA2L_1CE478
0x801CE9E0,0x801127AE,map_horsA2L_1CE9E0
0x801CEE20,0x80074E9C,map_horsA2L_1CEE20
0x801CEEF4,0x800A6B86,map_horsA2L_1CEEF4
0x801CEF18,0x800B0394,map_horsA2L_1CEF18
0x801CF918,0x800F2134,map_horsA2L_1CF918
0x801CFF80,0x800CC5A8,map_horsA2L_1CFF80
0x801D0A38,0x8012E6DA,map_horsA2L_1D0A38
0x801D0AEC,0x800DDFF8,map_horsA2L_1D0AEC
0x801D0DC4,0x800E32B8,map_horsA2L_1D0DC4
0x801D0E48,0x80074DCE,map_horsA2L_1D0E48
0x801D10A0,0x800CD17E,map_horsA2L_1D10A0
0x801D10DC,0x8008797E,map_horsA2L_1D10DC
0x801D184C,0x800FC1B4,map_horsA2L_1D184C
0x801D193C,0x800F91F4,map_horsA2L_1D193C
0x801D19EC,0x800B7680,map_horsA2L_1D19EC
0x801D1E64,0x80074DB2,map_horsA2L_1D1E64
0x801D20E4,0x800879EC,map_horsA2L_1D20E4
0x801D287C,0x8008E56C,map_horsA2L_1D287C
0x801D296C,0x800F04A4,map_horsA2L_1D296C
0x801D29CC,0x800B765C,map_horsA2L_1D29CC
0x801D2A30,0x8012E74A,map_horsA2L_1D2A30
0x801D2DC4,0x80080B06,map_horsA2L_1D2DC4
0x801D30EC,0x80087A56,map_horsA2L_1D30EC
0x801D33D8,0x800EDCA2,map_horsA2L_1D33D8
0x801D3648,0x8009A0AE,map_horsA2L_1D3648
0x801D365C,0x8009A0E0,map_horsA2L_1D365C
0x801D382C,0x800EA66A,map_horsA2L_1D382C
0x801D3F00,0x800FBDDC,map_horsA2L_1D3F00
0x801D3FC0,0x800CC612,map_horsA2L_1D3FC0
0x801D4090,0x80095F24,map_horsA2L_1D4090
0x801D485C,0x8008D7F4,map_horsA2L_1D485C
0x801D4A28,0x8012E720,map_horsA2L_1D4A28
0x801D5308,0x800BFCC2,map_horsA2L_1D5308
0x801D53D8,0x800EDCC6,map_horsA2L_1D53D8
0x801D5430,0x8010662A,map_horsA2L_1D5430
0x801D5488,0x80105574,map_horsA2L_1D5488
0x801D587C,0x8008CD5A,map_horsA2L_1D587C
0x801D5884,0x800F915A,map_horsA2L_1D5884
0x801D5AE4,0x800EC1D8,map_horsA2L_1D5AE4
0x801D5F28,0x800F48F4,map_horsA2L_1D5F28
0x801D6368,0x800BFD5A,map_horsA2L_1D6368
0x801D6408,0x801065F8,map_horsA2L_1D6408
0x801D6558,0x80105F66,map_horsA2L_1D6558
0x801D6EBC,0x800E4172,map_horsA2L_1D6EBC
0x801D741C,0x8010668C,map_horsA2L_1D741C
0x801D74EC,0x80105E1E,map_horsA2L_1D74EC
0x801D7AE4,0x800EC198,map_horsA2L_1D7AE4
0x801D7F80,0x800CC4D4,map_horsA2L_1D7F80
0x801D7FC0,0x800CC67C,map_horsA2L_1D7FC0
0x801E8DB0,0x80090740,map_horsA2L_1E8DB0
0x801EBBC8,0x800B5A66,map_horsA2L_1EBBC8
0x801EDC74,0x80088DBE,map_horsA2L_1EDC74
0x801EEDDC,0x80115454,map_horsA2L_1EEDDC
0x801F0C24,0x800F0BCE,map_horsA2L_1F0C24
0x801F1D90,0x8009061A,map_horsA2L_1F1D90
0x801F1DA0,0x8009063E,map_horsA2L_1F1DA0
0x801F4C14,0x800F0B16,map_horsA2L_1F4C14
0x801F5C1C,0x800F0B32,map_horsA2L_1F5C1C
0x801F5D94,0x800F5068,map_horsA2L_1F5D94
0x801F5DA4,0x800F515A,map_horsA2L_1F5DA4
0x801F5DB4,0x800F50E2,map_horsA2L_1F5DB4
0x801F7BC8,0x800B5A26,map_horsA2L_1F7BC8
0x801F7D98,0x80090862,map_horsA2L_1F7D98
