offset,old_name,new_name,confidence,a2l_id,notes,grid80,call_site,a2l_folder,axis_x,axis_y,same_9979
0x1805FC,map_horsA2L_1805FC,map_horsA2L_1805FC,low,,low: pas dans l A2L/atlas 9979 (299 maps WinOLS) — nommer a la main si besoin; identique 64o vs 9979 au meme offset; fp32=0e3560ca4ba3 uniq_u16=16; grid_rec=0x185698 (mismatch); ax=0x17D54C; ay=0x17A54C,0x801805FC,0x800E9E52,,0x17D54C,0x17A54C,1
0x180688,map_horsA2L_180688,map_horsA2L_180688,low,,low: pas dans l A2L/atlas 9979 (299 maps WinOLS) — nommer a la main si besoin; differe de 9979 au meme offset; fp32=24bec92b8c86 uniq_u16=16; grid_rec=0x180688; ax=0x17B558,0x80180688,0x800E9E8C,,0x17B558,,0
0x1816B8,map_horsA2L_1816B8,map_horsA2L_1816B8,low,,low: pas dans l A2L/atlas 9979 (299 maps WinOLS) — nommer a la main si besoin; identique 64o vs 9979 au meme offset; fp32=aac54bc61326 uniq_u16=20; grid_rec=0x1816B8; ax=0x184550; ay=0x17E558,0x801816B8,0x800DE6A8,,0x184550,0x17E558,1
0x1816C8,map_horsA2L_1816C8,map_horsA2L_1816C8,low,,low: pas dans l A2L/atlas 9979 (299 maps WinOLS) — nommer a la main si besoin; identique 64o vs 9979 au meme offset; fp32=4ed96e4bc9cc uniq_u16=20,0x801816C8,0x800DD558,,,,1
0x1824A4,map_horsA2L_1824A4,map_horsA2L_1824A4,low,,low: pas dans l A2L/atlas 9979 (299 maps WinOLS) — nommer a la main si besoin; identique 64o vs 9979 au meme offset; fp32=8c171d294db4 uniq_u16=17; grid_rec=0x1824D8 (mismatch); ax=0x181484,0x801824A4,0x800C6C06,,0x181484,,1
0x182558,map_horsA2L_182558,map_horsA2L_182558,low,,low: pas dans l A2L/atlas 9979 (299 maps WinOLS) — nommer a la main si besoin; identique 64o vs 9979 au meme offset; fp32=cda3d4e95705 uniq_u16=24; grid_rec=0x1786E8 (mismatch); ax=0x182558; ay=0x183550,0x80182558,0x800DD238,,0x182558,0x183550,1
0x182564,map_horsA2L_182564,map_horsA2L_182564,low,,low: pas dans l A2L/atlas 9979 (299 maps WinOLS) — nommer a la main si besoin; identique 64o vs 9979 au meme offset; fp32=5303c858b352 uniq_u16=25; grid_rec=0x1796D0 (mismatch); ax=0x182564; ay=0x18355C,0x80182564,0x800DD65E,,0x182564,0x18355C,1
0x182570,map_horsA2L_182570,map_horsA2L_182570,low,,low: pas dans l A2L/atlas 9979 (299 maps WinOLS) — nommer a la main si besoin; identique 64o vs 9979 au meme offset; fp32=36a2d6e76a19 uniq_u16=27; grid_rec=0x17A678 (mismatch); ax=0x182570; ay=0x17F550,0x80182570,0x800E9A08,,0x182570,0x17F550,1
0x183518,map_horsA2L_183518,map_horsA2L_183518,low,,low: pas dans l A2L/atlas 9979 (299 maps WinOLS) — nommer a la main si besoin; identique 64o vs 9979 au meme offset; fp32=ca679faf4dc2 uniq_u16=21; grid_rec=0x183518; ax=0x17D454; ay=0x17C460,0x80183518,0x800C6E6C,,0x17D454,0x17C460,1
0x183540,map_horsA2L_183540,map_horsA2L_183540,low,,low: pas dans l A2L/atlas 9979 (299 maps WinOLS) — nommer a la main si besoin; identique 64o vs 9979 au meme offset; fp32=19751b82cc80 uniq_u16=21; grid_rec=0x17C668 (mismatch); ax=0x183540; ay=0x18158C,0x80183540,0x800E9DA0,,0x183540,0x18158C,1
0x18357C,map_horsA2L_18357C,map_horsA2L_18357C,low,,low: 8000/A000 fill — pas une grille Nm lisible (ex. 1C4994); identique 64o vs 9979 au meme offset; fp32=165925c7b216 uniq_u16=8; grid_rec=0x17E658 (mismatch); ax=0x18357C; ay=0x17E548,0x8018357C,0x800E9AEA,,0x18357C,0x17E548,1
0x1835AC,map_horsA2L_1835AC,map_horsA2L_1835AC,low,,low: pas dans l A2L/atlas 9979 (299 maps WinOLS) — nommer a la main si besoin; identique 64o vs 9979 au meme offset; fp32=76bb72c8258d uniq_u16=11,0x801835AC,0x800DCFF4,,,,1
0x1836A8,map_horsA2L_1836A8,map_horsA2L_1836A8,low,,low: pas dans l A2L/atlas 9979 (299 maps WinOLS) — nommer a la main si besoin; identique 64o vs 9979 au meme offset; fp32=879501fb54a2 uniq_u16=22; grid_rec=0x1836A8; ax=0x184564; ay=0x17E568,0x801836A8,0x800E9AA4,,0x184564,0x17E568,1
0x184498,map_horsA2L_184498,map_horsA2L_184498,low,,low: pas dans l A2L/atlas 9979 (299 maps WinOLS) — nommer a la main si besoin; identique 64o vs 9979 au meme offset; fp32=c6db6d86b2ec uniq_u16=10; grid_rec=0x184498; ax=0x17E444; ay=0x17B450,0x80184498,0x80081A9A,,0x17E444,0x17B450,1
0x1845A4,map_horsA2L_1845A4,map_horsA2L_1845A4,low,,low: pas dans l A2L/atlas 9979 (299 maps WinOLS) — nommer a la main si besoin; identique 64o vs 9979 au meme offset; fp32=894b0b833aa9 uniq_u16=5,0x801845A4,0x800DD096,,,,1
0x1845B8,map_horsA2L_1845B8,map_horsA2L_1845B8,low,,low: pas dans l A2L/atlas 9979 (299 maps WinOLS) — nommer a la main si besoin; identique 64o vs 9979 au meme offset; fp32=27f8f28a33a5 uniq_u16=5,0x801845B8,0x800DD46E,,,,1
0x1845E8,map_horsA2L_1845E8,map_horsA2L_1845E8,low,,low: pas dans l A2L/atlas 9979 (299 maps WinOLS) — nommer a la main si besoin; identique 64o vs 9979 au meme offset; fp32=16d3c706e372 uniq_u16=10; grid_rec=0x1845E8; ax=0x178574; ay=0x17C540,0x801845E8,0x800EA0F6,,0x178574,0x17C540,1
0x184678,map_horsA2L_184678,map_horsA2L_184678,low,,low: pas dans l A2L/atlas 9979 (299 maps WinOLS) — nommer a la main si besoin; identique 64o vs 9979 au meme offset; fp32=13880f91a0f5 uniq_u16=30,0x80184678,0x800DD4A4,,,,1
0x1854A0,map_horsA2L_1854A0,map_horsA2L_1854A0,low,,low: pas dans l A2L/atlas 9979 (299 maps WinOLS) — nommer a la main si besoin; identique 64o vs 9979 au meme offset; fp32=38d2dec3b9ff uniq_u16=17; grid_rec=0x1854A0; ax=0x17E454; ay=0x17B45C,0x801854A0,0x80081BAE,,0x17E454,0x17B45C,1
0x185550,map_horsA2L_185550,map_horsA2L_185550,low,,low: pas dans l A2L/atlas 9979 (299 maps WinOLS) — nommer a la main si besoin; identique 64o vs 9979 au meme offset; fp32=cda4b8f061cc uniq_u16=19; grid_rec=0x1797B8 (mismatch); ax=0x185550; ay=0x183588,0x80185550,0x800DE670,,0x185550,0x183588,1
0x1855B0,map_horsA2L_1855B0,map_horsA2L_1855B0,low,,low: pas dans l A2L/atlas 9979 (299 maps WinOLS) — nommer a la main si besoin; identique 64o vs 9979 au meme offset; fp32=b77fdf0ef1d7 uniq_u16=18,0x801855B0,0x800DD516,,,,1
0x186450,map_horsA2L_186450,map_horsA2L_186450,low,,low: pas dans l A2L/atlas 9979 (299 maps WinOLS) — nommer a la main si besoin; identique 64o vs 9979 au meme offset; fp32=c52fbcdaac27 uniq_u16=1; grid_rec=0x186450; ax=0x17E40C; ay=0x17D408,0x80186450,0x800BE8F6,,0x17E40C,0x17D408,1
0x1864A8,map_horsA2L_1864A8,map_horsA2L_1864A8,low,,low: pas dans l A2L/atlas 9979 (299 maps WinOLS) — nommer a la main si besoin; identique 64o vs 9979 au meme offset; fp32=c52fbcdaac27 uniq_u16=1; grid_rec=0x1864A8; ax=0x17F444; ay=0x17B478,0x801864A8,0x800819E2,,0x17F444,0x17B478,1
0x1865A8,map_horsA2L_1865A8,map_horsA2L_1865A8,low,,low: pas dans l A2L/atlas 9979 (299 maps WinOLS) — nommer a la main si besoin; identique 64o vs 9979 au meme offset; fp32=d5478020d2ee uniq_u16=1,0x801865A8,0x800ED170,,,,1
0x1874B0,map_horsA2L_1874B0,map_horsA2L_1874B0,low,,low: pas dans l A2L/atlas 9979 (299 maps WinOLS) — nommer a la main si besoin; identique 64o vs 9979 au meme offset; fp32=0f26c7b36e2a uniq_u16=9; grid_rec=0x1874B0; ax=0x17F454; ay=0x17C444,0x801874B0,0x80081AF6,,0x17F454,0x17C444,1
0x187518,map_horsA2L_187518,map_horsA2L_187518,low,,low: pas dans l A2L/atlas 9979 (299 maps WinOLS) — nommer a la main si besoin; identique 64o vs 9979 au meme offset; fp32=401a1dcada87 uniq_u16=10; grid_rec=0x187518; ax=0x17D460; ay=0x17C474,0x80187518,0x800C6CB4,,0x17D460,0x17C474,1
0x1875C4,map_horsA2L_1875C4,map_horsA2L_1875C4,low,,low: pas dans l A2L/atlas 9979 (299 maps WinOLS) — nommer a la main si besoin; identique 64o vs 9979 au meme offset; fp32=93e06cfbc8e0 uniq_u16=11; grid_rec=0x1875C4; ax=0x17C550; ay=0x17955C,0x801875C4,0x800E9A4A,,0x17C550,0x17955C,1
0x187688,map_horsA2L_187688,map_horsA2L_187688,low,,low: pas dans l A2L/atlas 9979 (299 maps WinOLS) — nommer a la main si besoin; identique 64o vs 9979 au meme offset; fp32=ac6e37920276 uniq_u16=1; grid_rec=0x187688; ax=0x17A570,0x80187688,0x800E9ED0,,0x17A570,,1
0x18C870,map_horsA2L_18C870,map_horsA2L_18C870,medium,soi_base_int_trq2A,medium: pointe DANS soi_base_int_trq2A @0x18C780 +0xF0 (Start of injection SOI) — pas le debut de map; comment only; identique 64o vs 9979 au meme offset; fp32=9d38e4680231 uniq_u16=31,0x8018C870,0x800DD0CE,Start of injection SOI,,,1
0x196A54,map_horsA2L_196A54,map_horsA2L_196A54,medium,soi_base_int_trq2A,medium: pointe DANS soi_base_int_trq2A @0x196980 +0xD4 (Start of injection SOI) — pas le debut de map; comment only; identique 64o vs 9979 au meme offset; fp32=63d5d2ae23b2 uniq_u16=26; grid_rec=0x1A5B74 (mismatch); ax=0x196A54; ay=0x18BB08,0x80196A54,0x80095386,Start of injection SOI,0x196A54,0x18BB08,1
0x196A68,map_horsA2L_196A68,map_horsA2L_196A68,medium,soi_base_int_trq2A,medium: pointe DANS soi_base_int_trq2A @0x196980 +0xE8 (Start of injection SOI) — pas le debut de map; comment only; identique 64o vs 9979 au meme offset; fp32=fb7c19e96ad0 uniq_u16=27; grid_rec=0x1A7B74 (mismatch); ax=0x196A68; ay=0x18BB1C,0x80196A68,0x8009531A,Start of injection SOI,0x196A68,0x18BB1C,1
0x19848C,map_horsA2L_19848C,map_horsA2L_19848C,low,,low: 8000/A000 fill — pas une grille Nm lisible (ex. 1C4994); identique 64o vs 9979 au meme offset; fp32=2cde2dbaa034 uniq_u16=1; grid_rec=0x1BC6AC (mismatch); ax=0x19848C; ay=0x19A5C8,0x8019848C,0x800F953A,,0x19848C,0x19A5C8,1
0x198544,map_horsA2L_198544,map_horsA2L_198544,low,,low: 8000/A000 fill — pas une grille Nm lisible (ex. 1C4994); identique 64o vs 9979 au meme offset; fp32=2cde2dbaa034 uniq_u16=1; grid_rec=0x1B46FC (mismatch); ax=0x198544; ay=0x1A5768,0x80198544,0x800E28E2,,0x198544,0x1A5768,1
0x198708,map_horsA2L_198708,map_horsA2L_198708,low,,low: 8000/A000 fill — pas une grille Nm lisible (ex. 1C4994); identique 64o vs 9979 au meme offset; fp32=2cde2dbaa034 uniq_u16=1; grid_rec=0x1AC364 (mismatch); ay=0x198708,0x80198708,0x800E677E,,,0x198708,1
0x1993F0,map_horsA2L_1993F0,map_horsA2L_1993F0,medium,soi_base_int_trq2A,medium: pointe DANS soi_base_int_trq2A @0x199380 +0x70 (Start of injection SOI) — pas le debut de map; comment only; identique 64o vs 9979 au meme offset; fp32=707439c7b404 uniq_u16=16; grid_rec=0x1AD6E4 (mismatch); ax=0x1A63E4; ay=0x1993F0,0x801993F0,0x800FB4CC,Start of injection SOI,0x1A63E4,0x1993F0,1
0x19947C,map_horsA2L_19947C,map_horsA2L_19947C,medium,soi_base_int_trq2A,medium: pointe DANS soi_base_int_trq2A @0x199380 +0xFC (Start of injection SOI) — pas le debut de map; comment only; identique 64o vs 9979 au meme offset; fp32=774f3bd67e53 uniq_u16=26; grid_rec=0x1A86D0 (mismatch); ax=0x19947C; ay=0x1B0938,0x8019947C,0x80085F44,Start of injection SOI,0x19947C,0x1B0938,1
0x1997D8,map_horsA2L_1997D8,map_horsA2L_1997D8,medium,soi_base_int_trq2A,medium: pointe DANS soi_base_int_trq2A @0x199780 +0x58 (Start of injection SOI) — pas le debut de map; comment only; identique 64o vs 9979 au meme offset; fp32=faace13a578f uniq_u16=13; grid_rec=0x1B9998 (mismatch); ay=0x1997D8,0x801997D8,0x800AE048,Start of injection SOI,,0x1997D8,1
0x199B74,map_horsA2L_199B74,map_horsA2L_199B74,medium,soi_base_int_trq2A,medium: pointe DANS soi_base_int_trq2A @0x199980 +0x1F4 (Start of injection SOI) — pas le debut de map; comment only; identique 64o vs 9979 au meme offset; fp32=adfd43c9e696 uniq_u16=7; grid_rec=0x199B74; ax=0x196A7C; ay=0x18BB30,0x80199B74,0x800953F0,Start of injection SOI,0x196A7C,0x18BB30,1
0x19A3D4,map_horsA2L_19A3D4,map_horsA2L_19A3D4,medium,soi_base_int_trq2A,medium: pointe DANS soi_base_int_trq2A @0x19A380 +0x54 (Start of injection SOI) — pas le debut de map; comment only; identique 64o vs 9979 au meme offset; fp32=e17e55f4e333 uniq_u16=26; grid_rec=0x1AB1DC (mismatch); ax=0x19A3D4; ay=0x1B1800,0x8019A3D4,0x800EF718,Start of injection SOI,0x19A3D4,0x1B1800,1
0x19A544,map_horsA2L_19A544,map_horsA2L_19A544,medium,soi_base_int_trq2A,medium: pointe DANS soi_base_int_trq2A @0x19A380 +0x1C4 (Start of injection SOI) — pas le debut de map; comment only; identique 64o vs 9979 au meme offset; fp32=465c184304fe uniq_u16=9,0x8019A544,0x8011227E,Start of injection SOI,,,1
0x19A554,map_horsA2L_19A554,map_horsA2L_19A554,medium,soi_base_int_trq2A,medium: pointe DANS soi_base_int_trq2A @0x19A380 +0x1D4 (Start of injection SOI) — pas le debut de map; comment only; identique 64o vs 9979 au meme offset; fp32=99775277e5b6 uniq_u16=11,0x8019A554,0x801122D0,Start of injection SOI,,,1
0x19A564,map_horsA2L_19A564,map_horsA2L_19A564,medium,soi_base_int_trq2A,medium: pointe DANS soi_base_int_trq2A @0x19A380 +0x1E4 (Start of injection SOI) — pas le debut de map; comment only; identique 64o vs 9979 au meme offset; fp32=49e9116c0d91 uniq_u16=10; grid_rec=0x1B3760 (mismatch); ax=0x19A564; ay=0x1A27BC,0x8019A564,0x800F03F6,Start of injection SOI,0x19A564,0x1A27BC,1
0x19A578,map_horsA2L_19A578,map_horsA2L_19A578,medium,soi_base_int_trq2A,medium: pointe DANS soi_base_int_trq2A @0x19A380 +0x1F8 (Start of injection SOI) — pas le debut de map; comment only; identique 64o vs 9979 au meme offset; fp32=5df67fd1c63a uniq_u16=11; grid_rec=0x1B777C (mismatch); ax=0x19A578; ay=0x1A7768,0x8019A578,0x801032F2,Start of injection SOI,0x19A578,0x1A7768,1
0x19A5DC,map_horsA2L_19A5DC,map_horsA2L_19A5DC,medium,soi_base_int_trq2A,medium: pointe DANS soi_base_int_trq2A @0x19A580 +0x5C (Start of injection SOI) — pas le debut de map; comment only; identique 64o vs 9979 au meme offset; fp32=4eb64d8b166a uniq_u16=25; grid_rec=0x1BF6B4 (mismatch); ax=0x19A5DC; ay=0x19B760,0x8019A5DC,0x80112676,Start of injection SOI,0x19A5DC,0x19B760,1
0x19B3E0,map_horsA2L_19B3E0,map_horsA2L_19B3E0,low,,low: 8000/A000 fill — pas une grille Nm lisible (ex. 1C4994); identique 64o vs 9979 au meme offset; fp32=2cde2dbaa034 uniq_u16=2; grid_rec=0x1ABBC8 (mismatch); ax=0x19B3E0; ay=0x1A570C,0x8019B3E0,0x800FB0E4,,0x19B3E0,0x1A570C,1
0x19B3F0,map_horsA2L_19B3F0,map_horsA2L_19B3F0,low,,low: 8000/A000 fill — pas une grille Nm lisible (ex. 1C4994); identique 64o vs 9979 au meme offset; fp32=2cde2dbaa034 uniq_u16=2; grid_rec=0x1ADBF0 (mismatch); ax=0x19B3F0; ay=0x19C3C0,0x8019B3F0,0x800FB00C,,0x19B3F0,0x19C3C0,1
0x19B4C8,map_horsA2L_19B4C8,map_horsA2L_19B4C8,low,,low: 8000/A000 fill — pas une grille Nm lisible (ex. 1C4994); identique 64o vs 9979 au meme offset; fp32=2cde2dbaa034 uniq_u16=5; grid_rec=0x1AC284 (mismatch); ax=0x19B4C8; ay=0x1A765C,0x8019B4C8,0x800EA644,,0x19B4C8,0x1A765C,1
0x19B648,map_horsA2L_19B648,map_horsA2L_19B648,low,,low: 8000/A000 fill — pas une grille Nm lisible (ex. 1C4994); identique 64o vs 9979 au meme offset; fp32=2cde2dbaa034 uniq_u16=1; grid_rec=0x1B3BE8 (mismatch); ax=0x1B5814; ay=0x19B648,0x8019B648,0x800A2820,,0x1B5814,0x19B648,1
0x19B658,map_horsA2L_19B658,map_horsA2L_19B658,low,,low: 8000/A000 fill — pas une grille Nm lisible (ex. 1C4994); identique 64o vs 9979 au meme offset; fp32=2cde2dbaa034 uniq_u16=1; grid_rec=0x1BC7B0 (mismatch); ax=0x19B658; ay=0x19D40C,0x8019B658,0x800CF0CC,,0x19B658,0x19D40C,1
0x19B7E8,map_horsA2L_19B7E8,map_horsA2L_19B7E8,low,,low: pas dans l A2L/atlas 9979 (299 maps WinOLS) — nommer a la main si besoin; identique 64o vs 9979 au meme offset; fp32=0e06c72b0058 uniq_u16=1; grid_rec=0x1ACC18 (mismatch); ax=0x19B7E8; ay=0x19B7D8,0x8019B7E8,0x800B55FA,,0x19B7E8,0x19B7D8,1
0x19C4EC,map_horsA2L_19C4EC,map_horsA2L_19C4EC,low,,low: pas dans l A2L/atlas 9979 (299 maps WinOLS) — nommer a la main si besoin; identique 64o vs 9979 au meme offset; fp32=6c48406b873e uniq_u16=25; grid_rec=0x1B6C7C (mismatch); ax=0x1A6504; ay=0x19C4EC,0x8019C4EC,0x800E166C,,0x1A6504,0x19C4EC,1
0x19C4FC,map_horsA2L_19C4FC,map_horsA2L_19C4FC,low,,low: pas dans l A2L/atlas 9979 (299 maps WinOLS) — nommer a la main si besoin; identique 64o vs 9979 au meme offset; fp32=190deb0c6a58 uniq_u16=22; grid_rec=0x1A9C4C (mismatch); ax=0x1A6514; ay=0x19C4FC,0x8019C4FC,0x800E15F4,,0x1A6514,0x19C4FC,1
0x19C568,map_horsA2L_19C568,map_horsA2L_19C568,low,,low: pas dans l A2L/atlas 9979 (299 maps WinOLS) — nommer a la main si besoin; identique 64o vs 9979 au meme offset; fp32=588f890c82e4 uniq_u16=2; grid_rec=0x1BC910 (mismatch); ax=0x19C568; ay=0x1A3510,0x8019C568,0x800EAC18,,0x19C568,0x1A3510,1
0x19C598,map_horsA2L_19C598,map_horsA2L_19C598,low,,low: pas dans l A2L/atlas 9979 (299 maps WinOLS) — nommer a la main si besoin; identique 64o vs 9979 au meme offset; fp32=e685eb2bc445 uniq_u16=2; grid_rec=0x1BE6AC (mismatch); ax=0x19C598; ay=0x19C404,0x8019C598,0x800F99D0,,0x19C598,0x19C404,1
0x19C5A8,map_horsA2L_19C5A8,map_horsA2L_19C5A8,low,,low: pas dans l A2L/atlas 9979 (299 maps WinOLS) — nommer a la main si besoin; identique 64o vs 9979 au meme offset; fp32=6eae1dcc55c8 uniq_u16=3; grid_rec=0x1BF024 (mismatch); ax=0x19C5A8; ay=0x19B488,0x8019C5A8,0x800AFFAE,,0x19C5A8,0x19B488,1
0x19D4CC,map_horsA2L_19D4CC,map_horsA2L_19D4CC,low,,low: pas dans l A2L/atlas 9979 (299 maps WinOLS) — nommer a la main si besoin; identique 64o vs 9979 au meme offset; fp32=b28d297bd2b8 uniq_u16=2; grid_rec=0x1B42A0 (mismatch); ax=0x1A555C; ay=0x19D4CC,0x8019D4CC,0x800AFF42,,0x1A555C,0x19D4CC,1
0x19E480,map_horsA2L_19E480,map_horsA2L_19E480,low,,low: 8000/A000 fill — pas une grille Nm lisible (ex. 1C4994); identique 64o vs 9979 au meme offset; fp32=155a064a08ac uniq_u16=4; grid_rec=0x1A9218 (mismatch); ax=0x19E480; ay=0x1A568C; user-named: garder map_horsA2L_ en primaire,0x8019E480,0x8007BC86,,0x19E480,0x1A568C,1
0x19E4E0,map_horsA2L_19E4E0,map_horsA2L_19E4E0,low,,low: 8000/A000 fill — pas une grille Nm lisible (ex. 1C4994); identique 64o vs 9979 au meme offset; fp32=0d0f1a8242a3 uniq_u16=5; grid_rec=0x1B9940 (mismatch); ax=0x1A36DC; ay=0x19E4E0,0x8019E4E0,0x80112856,,0x1A36DC,0x19E4E0,1
0x19E7DC,map_horsA2L_19E7DC,map_horsA2L_19E7DC,low,,low: pas dans l A2L/atlas 9979 (299 maps WinOLS) — nommer a la main si besoin; identique 64o vs 9979 au meme offset; fp32=b51092a30b9f uniq_u16=10; grid_rec=0x1B4BF0 (mismatch); ax=0x19E7DC; ay=0x1B2834,0x8019E7DC,0x800EED3A,,0x19E7DC,0x1B2834,1
0x19E7F0,map_horsA2L_19E7F0,map_horsA2L_19E7F0,low,,low: pas dans l A2L/atlas 9979 (299 maps WinOLS) — nommer a la main si besoin; identique 64o vs 9979 au meme offset; fp32=6282c25a7bcd uniq_u16=9; grid_rec=0x1B7BD4 (mismatch); ax=0x19E7F0; ay=0x1B3808,0x8019E7F0,0x800EE0F6,,0x19E7F0,0x1B3808,1
0x19F4BC,map_horsA2L_19F4BC,map_horsA2L_19F4BC,low,,low: pas dans l A2L/atlas 9979 (299 maps WinOLS) — nommer a la main si besoin; identique 64o vs 9979 au meme offset; fp32=2c147d5335c5 uniq_u16=7; grid_rec=0x1B22B4 (mismatch); ax=0x19F4BC; ay=0x19C4D0,0x8019F4BC,0x800DEB34,,0x19F4BC,0x19C4D0,1
0x19F540,map_horsA2L_19F540,map_horsA2L_19F540,low,,low: pas dans l A2L/atlas 9979 (299 maps WinOLS) — nommer a la main si besoin; identique 64o vs 9979 au meme offset; fp32=ce4b992626f0 uniq_u16=6; grid_rec=0x1BFAD0 (mismatch); ax=0x19F540; ay=0x199760,0x8019F540,0x801121FE,,0x19F540,0x199760,1
0x19F61C,map_horsA2L_19F61C,map_horsA2L_19F61C,low,,low: pas dans l A2L/atlas 9979 (299 maps WinOLS) — nommer a la main si besoin; identique 64o vs 9979 au meme offset; fp32=14b2f43ebf15 uniq_u16=6; grid_rec=0x1AA70C (mismatch); ax=0x1A070C; ay=0x19F61C,0x8019F61C,0x8007F122,,0x1A070C,0x19F61C,1
0x19F7D0,map_horsA2L_19F7D0,map_horsA2L_19F7D0,low,,low: pas dans l A2L/atlas 9979 (299 maps WinOLS) — nommer a la main si besoin; identique 64o vs 9979 au meme offset; fp32=0f519b0f0e22 uniq_u16=8; grid_rec=0x1A8BE8 (mismatch); ax=0x19F7D0; ay=0x19D674,0x8019F7D0,0x800EEBA6,,0x19F7D0,0x19D674,1
0x1C0714,map_horsA2L_1C0714,map_horsA2L_1C0714,medium,turbo_base3B,medium: pointe DANS turbo_base3B @0x1C04AC +0x268 (Turbo boost pressure) — pas le debut de map; comment only; identique 64o vs 9979 au meme offset; fp32=9257c1d67eac uniq_u16=15; grid_rec=0x1C0714; ax=0x19B5D4; ay=0x19C754,0x801C0714,0x800E0ECA,Turbo boost pressure,0x19B5D4,0x19C754,1
0x1C0A44,map_horsA2L_1C0A44,map_horsA2L_1C0A44,medium,turbo_base3B,medium: pointe DANS turbo_base3B @0x1C09AC +0x98 (Turbo boost pressure) — pas le debut de map; comment only; identique 64o vs 9979 au meme offset; fp32=552c81739bd4 uniq_u16=30; grid_rec=0x1C0A44,0x801C0A44,0x800E4110,Turbo boost pressure,,,1
0x1C1880,map_horsA2L_1C1880,map_horsA2L_1C1880,medium,turbo_base3B,medium: pointe DANS turbo_base3B @0x1C162C +0x254 (Turbo boost pressure) — pas le debut de map; comment only; identique 64o vs 9979 au meme offset; fp32=0b88226c13f5 uniq_u16=14; grid_rec=0x1C1880; ay=0x1A666C,0x801C1880,0x800F05A6,Turbo boost pressure,,0x1A666C,1
0x1C19E8,map_horsA2L_1C19E8,map_horsA2L_1C19E8,medium,turbo_base3B,medium: pointe DANS turbo_base3B @0x1C18AC +0x13C (Turbo boost pressure) — pas le debut de map; comment only; identique 64o vs 9979 au meme offset; fp32=26e2c5d683b4 uniq_u16=22; grid_rec=0x1BB9A8 (mismatch); ax=0x1AA8A8; ay=0x1B595C,0x801C19E8,0x800DF018,Turbo boost pressure,0x1AA8A8,0x1B595C,1
0x1C1B50,map_horsA2L_1C1B50,turbo_base3B,high,turbo_base3B,high: empreinte diverse = famille A2L turbo_base3B (Turbo boost pressure) delta=0x24 cols=16 rows=20; identique 64o vs 9979 au meme offset; fp32=dece37626fcf uniq_u16=32; grid_rec=0x1C1B50; ax=0x1B491C,0x801C1B50,0x800F6186,Turbo boost pressure,0x1B491C,,1
0x1C2794,map_horsA2L_1C2794,map_horsA2L_1C2794,low,,low: pas dans l A2L/atlas 9979 (299 maps WinOLS) — nommer a la main si besoin; identique 64o vs 9979 au meme offset; fp32=df9e947aa9bc uniq_u16=1; grid_rec=0x1C2794; ax=0x19B5E8; ay=0x1A64E4,0x801C2794,0x80112356,,0x19B5E8,0x1A64E4,1
0x1C38E8,map_horsA2L_1C38E8,map_horsA2L_1C38E8,medium,turbo_base3B,medium: pointe DANS turbo_base3B @0x1C36AC +0x23C (Turbo boost pressure) — pas le debut de map; comment only; identique 64o vs 9979 au meme offset; fp32=f9508a2ebeee uniq_u16=14; grid_rec=0x1C38E8; ax=0x1A73C0; ay=0x1A473C,0x801C38E8,0x800FC4FE,Turbo boost pressure,0x1A73C0,0x1A473C,1
0x1C3ABC,map_horsA2L_1C3ABC,turbo_int_trq_correction2C,high,turbo_int_trq_correction2C,high: empreinte diverse = famille A2L turbo_int_trq_correction2C (Turbo boost pressure) delta=0x10 cols=12 rows=16; identique 64o vs 9979 au meme offset; fp32=127618004a49 uniq_u16=21; grid_rec=0x1C3ABC,0x801C3ABC,0x800E6AFA,Turbo boost pressure,,,1
0x1C4994,map_horsA2L_1C4994,map_horsA2L_1C4994,low,,low: 8000/A000 fill — pas une grille Nm lisible (ex. 1C4994); tombe dans turbo_int_trq_correction2C +0x168 (Turbo boost pressure) — ne pas renommer; identique 64o vs 9979 au meme offset; fp32=4155ccbaab45 uniq_u16=11; grid_rec=0x1C4994; ax=0x1A0728; ay=0x1A0660; user-named: garder map_horsA2L_ en primaire,0x801C4994,0x8007D730,,0x1A0728,0x1A0660,1
0x1C4A50,map_horsA2L_1C4A50,map_horsA2L_1C4A50,medium,turbo_int_trq_correction2C,medium: pointe DANS turbo_int_trq_correction2C @0x1C49AC +0xA4 (Turbo boost pressure) — pas le debut de map; comment only; identique 64o vs 9979 au meme offset; fp32=be062a28dc97 uniq_u16=26; grid_rec=0x1C4A50,0x801C4A50,0x800E6B3C,Turbo boost pressure,,,1
0x1C4BD8,map_horsA2L_1C4BD8,map_horsA2L_1C4BD8,low,,low: 8000/A000 fill — pas une grille Nm lisible (ex. 1C4994); tombe dans turbo_int_trq_correction2C +0xAC (Turbo boost pressure) — ne pas renommer; identique 64o vs 9979 au meme offset; fp32=2cde2dbaa034 uniq_u16=1; grid_rec=0x1C4BD8; ax=0x1A15AC; ay=0x19B74C,0x801C4BD8,0x800E986C,,0x1A15AC,0x19B74C,1
0x1C56DC,map_horsA2L_1C56DC,map_horsA2L_1C56DC,low,,low: 8000/A000 fill — pas une grille Nm lisible (ex. 1C4994); tombe dans turbo_int_trq_correction2C +0x130 (Turbo boost pressure) — ne pas renommer; identique 64o vs 9979 au meme offset; fp32=2cde2dbaa034 uniq_u16=1; grid_rec=0x1C56DC; ax=0x19D564; ay=0x19875C,0x801C56DC,0x801126A0,,0x19D564,0x19875C,1
0x1C5940,map_horsA2L_1C5940,map_horsA2L_1C5940,low,,low: 8000/A000 fill — pas une grille Nm lisible (ex. 1C4994); tombe dans turbo_int_trq_correction2C +0x94 (Turbo boost pressure) — ne pas renommer; identique 64o vs 9979 au meme offset; fp32=d2911c10f00c uniq_u16=4; grid_rec=0x1C5940; ax=0x199650; ay=0x19C450,0x801C5940,0x800F03C4,,0x199650,0x19C450,1
0x1C59B0,map_horsA2L_1C59B0,map_horsA2L_1C59B0,medium,turbo_int_trq_correction2C,medium: pointe DANS turbo_int_trq_correction2C @0x1C58AC +0x104 (Turbo boost pressure) — pas le debut de map; comment only; identique 64o vs 9979 au meme offset; fp32=7c98bb0af7e0 uniq_u16=9; grid_rec=0x1C59B0; ax=0x1A073C; ay=0x1A066C; user-named: garder map_horsA2L_ en primaire,0x801C59B0,0x8007D762,Turbo boost pressure,0x1A073C,0x1A066C,1
0x1C5A84,map_horsA2L_1C5A84,map_horsA2L_1C5A84,low,,low: 8000/A000 fill — pas une grille Nm lisible (ex. 1C4994); tombe dans turbo_int_trq_correction2C +0x58 (Turbo boost pressure) — ne pas renommer; identique 64o vs 9979 au meme offset; fp32=2cde2dbaa034 uniq_u16=1; grid_rec=0x1C5A84; ax=0x1B491C,0x801C5A84,0x800E3D5A,,0x1B491C,,1
0x1C5AC4,map_horsA2L_1C5AC4,map_horsA2L_1C5AC4,low,,low: 8000/A000 fill — pas une grille Nm lisible (ex. 1C4994); tombe dans turbo_int_trq_correction2C +0x98 (Turbo boost pressure) — ne pas renommer; identique 64o vs 9979 au meme offset; fp32=2cde2dbaa034 uniq_u16=1; grid_rec=0x1C5AC4; ax=0x19E558; ay=0x198778,0x801C5AC4,0x800F5E84,,0x19E558,0x198778,1
0x1C690C,map_horsA2L_1C690C,map_horsA2L_1C690C,medium,turbo_int_trq_correction2C,medium: pointe DANS turbo_int_trq_correction2C @0x1C67AC +0x160 (Turbo boost pressure) — pas le debut de map; comment only; identique 64o vs 9979 au meme offset; fp32=e4bb080eb0be uniq_u16=16; grid_rec=0x1C690C; ax=0x19C558; ay=0x19874C,0x801C690C,0x801120EC,Turbo boost pressure,0x19C558,0x19874C,1
0x1C6978,map_horsA2L_1C6978,map_horsA2L_1C6978,medium,turbo_atm6A,medium: pointe DANS turbo_atm6A @0x1C692C +0x4C (Turbo boost pressure) — pas le debut de map; comment only; identique 64o vs 9979 au meme offset; fp32=8c8f6a811824 uniq_u16=30; grid_rec=0x1C6978; ax=0x19E4EC,0x801C6978,0x800F872A,Turbo boost pressure,0x19E4EC,,1
0x1C79B8,map_horsA2L_1C79B8,map_horsA2L_1C79B8,low,,low: pas dans l A2L/atlas 9979 (299 maps WinOLS) — nommer a la main si besoin; identique 64o vs 9979 au meme offset; fp32=2b9480245581 uniq_u16=9; grid_rec=0x1C79B8; ax=0x1A564C; ay=0x1997D8,0x801C79B8,0x800AE078,,0x1A564C,0x1997D8,1
0x1C7AC4,map_horsA2L_1C7AC4,map_horsA2L_1C7AC4,low,,low: pas dans l A2L/atlas 9979 (299 maps WinOLS) — nommer a la main si besoin; identique 64o vs 9979 au meme offset; fp32=afa4e4f64b1f uniq_u16=7; grid_rec=0x1C7AC4; ax=0x19E56C; ay=0x19974C,0x801C7AC4,0x800F5F92,,0x19E56C,0x19974C,1
0x1C7B10,map_horsA2L_1C7B10,map_horsA2L_1C7B10,low,,low: pas dans l A2L/atlas 9979 (299 maps WinOLS) — nommer a la main si besoin; identique 64o vs 9979 au meme offset; fp32=4ecb78ebbdc9 uniq_u16=4; grid_rec=0x1C7B10; ax=0x19F564; ay=0x19A744,0x801C7B10,0x80111FEA,,0x19F564,0x19A744,1
0x1C8978,map_horsA2L_1C8978,map_horsA2L_1C8978,low,,low: pas dans l A2L/atlas 9979 (299 maps WinOLS) — nommer a la main si besoin; identique 64o vs 9979 au meme offset; fp32=157d3a82a93d uniq_u16=32; grid_rec=0x1C8978,0x801C8978,0x800F61FE,,,,1
0x1C89FC,map_horsA2L_1C89FC,map_horsA2L_1C89FC,low,,low: pas dans l A2L/atlas 9979 (299 maps WinOLS) — nommer a la main si besoin; identique 64o vs 9979 au meme offset; fp32=c79c9e3aff21 uniq_u16=32; grid_rec=0x1C89FC; ax=0x1A1710; ay=0x1A1678; user-named: garder map_horsA2L_ en primaire,0x801C89FC,0x8007DB10,,0x1A1710,0x1A1678,1
0x1C9040,map_horsA2L_1C9040,map_horsA2L_1C9040,low,,low: pas dans l A2L/atlas 9979 (299 maps WinOLS) — nommer a la main si besoin; identique 64o vs 9979 au meme offset; fp32=ca4754e9c186 uniq_u16=2; grid_rec=0x1C9040; ax=0x1AD850; ay=0x1B292C,0x801C9040,0x800CC792,,0x1AD850,0x1B292C,1
0x1C909C,map_horsA2L_1C909C,map_horsA2L_1C909C,low,,low: 8000/A000 fill — pas une grille Nm lisible (ex. 1C4994); identique 64o vs 9979 au meme offset; fp32=2cde2dbaa034 uniq_u16=1; grid_rec=0x1C909C; ax=0x1AD850; ay=0x1B292C,0x801C909C,0x800CC814,,0x1AD850,0x1B292C,1
0x1C92B4,map_horsA2L_1C92B4,map_horsA2L_1C92B4,low,,low: pas dans l A2L/atlas 9979 (299 maps WinOLS) — nommer a la main si besoin; differe de 9979 au meme offset; fp32=fdbe413597b4 uniq_u16=29; grid_rec=0x1C92B4; ax=0x19A438; ay=0x19D438,0x801C92B4,0x80087954,,0x19A438,0x19D438,0
0x1C9A34,map_horsA2L_1C9A34,map_horsA2L_1C9A34,low,,low: pas dans l A2L/atlas 9979 (299 maps WinOLS) — nommer a la main si besoin; identique 64o vs 9979 au meme offset; fp32=a08474789459 uniq_u16=24; grid_rec=0x1C9A34; ax=0x1A151C; ay=0x1A26F4,0x801C9A34,0x8010F34C,,0x1A151C,0x1A26F4,1
0x1C9AE4,map_horsA2L_1C9AE4,map_horsA2L_1C9AE4,low,,low: pas dans l A2L/atlas 9979 (299 maps WinOLS) — nommer a la main si besoin; identique 64o vs 9979 au meme offset; fp32=f5d6b4a8b82d uniq_u16=28; grid_rec=0x1C9AE4; ax=0x1A8864; ay=0x1AC87C,0x801C9AE4,0x800EC152,,0x1A8864,0x1AC87C,1
0x1C9ED4,map_horsA2L_1C9ED4,map_horsA2L_1C9ED4,low,,low: pas dans l A2L/atlas 9979 (299 maps WinOLS) — nommer a la main si besoin; identique 64o vs 9979 au meme offset; fp32=15a2bf6c9c77 uniq_u16=25; grid_rec=0x1C9ED4; ax=0x1A7710; ay=0x19A508,0x801C9ED4,0x80095F96,,0x1A7710,0x19A508,1
0x1CA2BC,map_horsA2L_1CA2BC,map_horsA2L_1CA2BC,low,,low: pas dans l A2L/atlas 9979 (299 maps WinOLS) — nommer a la main si besoin; identique 64o vs 9979 au meme offset; fp32=6735abb12acd uniq_u16=6; grid_rec=0x1CA2BC; ax=0x19869C; ay=0x1A14C4,0x801CA2BC,0x80087904,,0x19869C,0x1A14C4,1
0x1CAE84,map_horsA2L_1CAE84,map_horsA2L_1CAE84,low,,low: pas dans l A2L/atlas 9979 (299 maps WinOLS) — nommer a la main si besoin; identique 64o vs 9979 au meme offset; fp32=dcac4d028d1d uniq_u16=1; grid_rec=0x1BCA3C (mismatch),0x801CAE84,0x800E4146,,,,1
0x1CBAE4,map_horsA2L_1CBAE4,map_horsA2L_1CBAE4,low,,low: pas dans l A2L/atlas 9979 (299 maps WinOLS) — nommer a la main si besoin; identique 64o vs 9979 au meme offset; fp32=af9613760f72 uniq_u16=1; grid_rec=0x1CBAE4; ax=0x1A8864; ay=0x1AC87C,0x801CBAE4,0x800EC120,,0x1A8864,0x1AC87C,1
0x1CBE40,map_horsA2L_1CBE40,map_horsA2L_1CBE40,low,,low: pas dans l A2L/atlas 9979 (299 maps WinOLS) — nommer a la main si besoin; identique 64o vs 9979 au meme offset; fp32=5e57a10f6a65 uniq_u16=26; grid_rec=0x1CBE40; ax=0x1A2534; ay=0x1A3650; user-named: garder map_horsA2L_ en primaire,0x801CBE40,0x80074D4E,,0x1A2534,0x1A3650,1
0x1CBE7C,map_horsA2L_1CBE7C,map_horsA2L_1CBE7C,low,,low: pas dans l A2L/atlas 9979 (299 maps WinOLS) — nommer a la main si besoin; identique 64o vs 9979 au meme offset; fp32=3845afe2bdf7 uniq_u16=27; grid_rec=0x1CBE7C; ax=0x1A2710; ay=0x1A365C; user-named: garder map_horsA2L_ en primaire,0x801CBE7C,0x80074D78,,0x1A2710,0x1A365C,1
0x1CBF80,map_horsA2L_1CBF80,map_horsA2L_1CBF80,low,,low: pas dans l A2L/atlas 9979 (299 maps WinOLS) — nommer a la main si besoin; identique 64o vs 9979 au meme offset; fp32=66a123a6a0dd uniq_u16=31; grid_rec=0x1CBF80,0x801CBF80,0x800CC53E,,,,1
0x1CBFC0,map_horsA2L_1CBFC0,map_horsA2L_1CBFC0,low,,low: pas dans l A2L/atlas 9979 (299 maps WinOLS) — nommer a la main si besoin; identique 64o vs 9979 au meme offset; fp32=5b3c9d99421e uniq_u16=26; grid_rec=0x1CBFC0,0x801CBFC0,0x800CC6E4,,,,1
0x1CC0EC,map_horsA2L_1CC0EC,map_horsA2L_1CC0EC,low,,low: pas dans l A2L/atlas 9979 (299 maps WinOLS) — nommer a la main si besoin; identique 64o vs 9979 au meme offset; fp32=18ea126de18a uniq_u16=27; grid_rec=0x1CC0EC,0x801CC0EC,0x80087A78,,,,1
0x1CC29C,map_horsA2L_1CC29C,map_horsA2L_1CC29C,low,,low: pas dans l A2L/atlas 9979 (299 maps WinOLS) — nommer a la main si besoin; identique 64o vs 9979 au meme offset; fp32=1758021fd0d6 uniq_u16=28; grid_rec=0x1CC29C; ax=0x1A6600; ay=0x199448,0x801CC29C,0x80087876,,0x1A6600,0x199448,1
0x1CC330,map_horsA2L_1CC330,map_horsA2L_1CC330,low,,low: pas dans l A2L/atlas 9979 (299 maps WinOLS) — nommer a la main si besoin; identique 64o vs 9979 au meme offset; fp32=b1bc15f40d0e uniq_u16=28; grid_rec=0x1CC330; ax=0x198620; ay=0x19A6A8,0x801CC330,0x800BFC0C,,0x198620,0x19A6A8,1
0x1CD09C,map_horsA2L_1CD09C,map_horsA2L_1CD09C,low,,low: 8000/A000 fill — pas une grille Nm lisible (ex. 1C4994); identique 64o vs 9979 au meme offset; fp32=2cde2dbaa034 uniq_u16=1; grid_rec=0x1CD09C; ax=0x1AD850; ay=0x1B292C,0x801CD09C,0x800CC7DA,,0x1AD850,0x1B292C,1
0x1CD450,map_horsA2L_1CD450,map_horsA2L_1CD450,low,,low: 8000/A000 fill — pas une grille Nm lisible (ex. 1C4994); identique 64o vs 9979 au meme offset; fp32=2cde2dbaa034 uniq_u16=1; grid_rec=0x1C84BC (mismatch); ax=0x1D04B8; ay=0x1CD450,0x801CD450,0x80100730,,0x1D04B8,0x1CD450,1
0x1CD900,map_horsA2L_1CD900,map_horsA2L_1CD900,low,,low: 8000/A000 fill — pas une grille Nm lisible (ex. 1C4994); identique 64o vs 9979 au meme offset; fp32=2cde2dbaa034 uniq_u16=1; grid_rec=0x1CD900; ax=0x1994D8; ay=0x19D6D4,0x801CD900,0x80096066,,0x1994D8,0x19D6D4,1
0x1CDE04,map_horsA2L_1CDE04,map_horsA2L_1CDE04,medium,duration_inj6A,medium: pointe DANS duration_inj6A @0x1CDC84 +0x180 (Injection system) — pas le debut de map; comment only; identique 64o vs 9979 au meme offset; fp32=cd095dabb1cd uniq_u16=32; grid_rec=0x1CDE04; ax=0x1A2734; user-named: garder map_horsA2L_ en primaire,0x801CDE04,0x80074EBE,Injection system,0x1A2734,,1
0x1CE310,map_horsA2L_1CE310,map_horsA2L_1CE310,medium,duration_inj6A,medium: pointe DANS duration_inj6A @0x1CDFE4 +0x32C (Injection system) — pas le debut de map; comment only; identique 64o vs 9979 au meme offset; fp32=24c2b66835f5 uniq_u16=31; grid_rec=0x1CE310; ax=0x198630; ay=0x1A76EC,0x801CE310,0x800FD86C,Injection system,0x198630,0x1A76EC,1
0x1CE3BC,map_horsA2L_1CE3BC,map_horsA2L_1CE3BC,low,,low: pas dans l A2L/atlas 9979 (299 maps WinOLS) — nommer a la main si besoin; identique 64o vs 9979 au meme offset; fp32=c500da2c5caa uniq_u16=28; grid_rec=0x1CE3BC; ax=0x1A4670; ay=0x19A620,0x801CE3BC,0x800AEEA4,,0x1A4670,0x19A620,1
0x1CE440,map_horsA2L_1CE440,map_horsA2L_1CE440,low,,low: pas dans l A2L/atlas 9979 (299 maps WinOLS) — nommer a la main si besoin; identique 64o vs 9979 au meme offset; fp32=8226a1f7012f uniq_u16=12; grid_rec=0x1D24CC (mismatch); ay=0x1CE440,0x801CE440,0x80105DE2,,,0x1CE440,1
0x1CE450,map_horsA2L_1CE450,map_horsA2L_1CE450,low,,low: pas dans l A2L/atlas 9979 (299 maps WinOLS) — nommer a la main si besoin; identique 64o vs 9979 au meme offset; fp32=5675712ae682 uniq_u16=14; grid_rec=0x1CA4CC (mismatch); ax=0x1D34A0; ay=0x1CE450,0x801CE450,0x80121AFA,,0x1D34A0,0x1CE450,1
0x1CE464,map_horsA2L_1CE464,map_horsA2L_1CE464,low,,low: pas dans l A2L/atlas 9979 (299 maps WinOLS) — nommer a la main si besoin; identique 64o vs 9979 au meme offset; fp32=a3cb566b9a48 uniq_u16=16; grid_rec=0x1CC4D8 (mismatch); ax=0x1D34B4; ay=0x1CE464,0x801CE464,0x80121C1E,,0x1D34B4,0x1CE464,1
0x1CE478,map_horsA2L_1CE478,map_horsA2L_1CE478,low,,low: pas dans l A2L/atlas 9979 (299 maps WinOLS) — nommer a la main si besoin; identique 64o vs 9979 au meme offset; fp32=1bec2915f105 uniq_u16=17; grid_rec=0x1D14C4 (mismatch); ax=0x1CD470; ay=0x1CE478,0x801CE478,0x80121E4C,,0x1CD470,0x1CE478,1
0x1CE9E0,map_horsA2L_1CE9E0,map_horsA2L_1CE9E0,low,,low: pas dans l A2L/atlas 9979 (299 maps WinOLS) — nommer a la main si besoin; identique 64o vs 9979 au meme offset; fp32=1fac2ada9814 uniq_u16=12; grid_rec=0x1CE9E0; ax=0x19D5F0; ay=0x19D748,0x801CE9E0,0x801127AE,,0x19D5F0,0x19D748,1
0x1CEE20,map_horsA2L_1CEE20,map_horsA2L_1CEE20,low,,low: pas dans l A2L/atlas 9979 (299 maps WinOLS) — nommer a la main si besoin; identique 64o vs 9979 au meme offset; fp32=1da45d5138fa uniq_u16=10; grid_rec=0x1CEE20; ax=0x19F6E4; user-named: garder map_horsA2L_ en primaire,0x801CEE20,0x80074E9C,,0x19F6E4,,1
0x1CEEF4,map_horsA2L_1CEEF4,map_horsA2L_1CEEF4,medium,tqlim_speed2A,medium: pointe DANS tqlim_speed2A @0x1CEED4 +0x20 (Engine torque limiters) — pas le debut de map; comment only; identique 64o vs 9979 au meme offset; fp32=43078915d4e5 uniq_u16=1; grid_rec=0x1CEEF4; ax=0x1A3444; ay=0x1A1448,0x801CEEF4,0x800A6B86,Engine torque limiters,0x1A3444,0x1A1448,1
0x1CEF18,map_horsA2L_1CEF18,map_horsA2L_1CEF18,medium,tqlim_speed2A,medium: pointe DANS tqlim_speed2A @0x1CEED4 +0x44 (Engine torque limiters) — pas le debut de map; comment only; identique 64o vs 9979 au meme offset; fp32=219795ff2744 uniq_u16=9; grid_rec=0x1CEF18; ax=0x1B38D4; ay=0x1A67C4,0x801CEF18,0x800B0394,Engine torque limiters,0x1B38D4,0x1A67C4,1
0x1CF918,map_horsA2L_1CF918,map_horsA2L_1CF918,low,,low: pas dans l A2L/atlas 9979 (299 maps WinOLS) — nommer a la main si besoin; identique 64o vs 9979 au meme offset; fp32=41a14a36c345 uniq_u16=1; grid_rec=0x1CF918; ax=0x19C5DC; ay=0x19C778,0x801CF918,0x800F2134,,0x19C5DC,0x19C778,1
0x1CFF80,map_horsA2L_1CFF80,map_horsA2L_1CFF80,low,,low: 8000/A000 fill — pas une grille Nm lisible (ex. 1C4994); tombe dans AccPed_trq4A +0xC0 (Engine torque request) — ne pas renommer; differe de 9979 au meme offset; fp32=6ecc9fc96a2a uniq_u16=2; grid_rec=0x1CFF80,0x801CFF80,0x800CC5A8,,,,0
0x1D0A38,map_horsA2L_1D0A38,map_horsA2L_1D0A38,low,,low: 8000/A000 fill — pas une grille Nm lisible (ex. 1C4994); identique 64o vs 9979 au meme offset; fp32=2cde2dbaa034 uniq_u16=13,0x801D0A38,0x8012E6DA,,,,1
0x1D0AEC,map_horsA2L_1D0AEC,map_horsA2L_1D0AEC,medium,AccPed_trq4A,medium: pointe DANS AccPed_trq4A @0x1D0A5C +0x90 (Engine torque request) — pas le debut de map; comment only; identique 64o vs 9979 au meme offset; fp32=e8b7692af6a2 uniq_u16=29; grid_rec=0x1D0AEC; ax=0x1A7534; ay=0x198730,0x801D0AEC,0x800DDFF8,Engine torque request,0x1A7534,0x198730,1
0x1D0DC4,map_horsA2L_1D0DC4,map_horsA2L_1D0DC4,medium,smoke_maf_trqA,medium: pointe DANS smoke_maf_trqA @0x1D0CEC +0xD8 (Smoke limitation) — pas le debut de map; comment only; identique 64o vs 9979 au meme offset; fp32=5b5045aac031 uniq_u16=1; grid_rec=0x1D0DC4; ax=0x1A7508; ay=0x19871C,0x801D0DC4,0x800E32B8,Smoke limitation,0x1A7508,0x19871C,1
0x1D0E48,map_horsA2L_1D0E48,map_horsA2L_1D0E48,medium,smoke_maf_trqA,medium: pointe DANS smoke_maf_trqA @0x1D0CEC +0x15C (Smoke limitation) — pas le debut de map; comment only; identique 64o vs 9979 au meme offset; fp32=5b5045aac031 uniq_u16=1; grid_rec=0x1D0E48; ax=0x1A3708; ay=0x1A365C; user-named: garder map_horsA2L_ en primaire,0x801D0E48,0x80074DCE,Smoke limitation,0x1A3708,0x1A365C,1
0x1D10A0,map_horsA2L_1D10A0,map_horsA2L_1D10A0,medium,smoke_mapA,medium: pointe DANS smoke_mapA @0x1D0F2C +0x174 (Smoke limitation) — pas le debut de map; comment only; identique 64o vs 9979 au meme offset; fp32=5b5045aac031 uniq_u16=1; grid_rec=0x1D10A0; ax=0x1A4628; ay=0x1B783C,0x801D10A0,0x800CD17E,Smoke limitation,0x1A4628,0x1B783C,1
0x1D10DC,map_horsA2L_1D10DC,map_horsA2L_1D10DC,medium,smoke_mapA,medium: pointe DANS smoke_mapA @0x1D0F2C +0x1B0 (Smoke limitation) — pas le debut de map; comment only; identique 64o vs 9979 au meme offset; fp32=5b5045aac031 uniq_u16=1; grid_rec=0x1D10DC; ax=0x19A438; ay=0x1A74E4,0x801D10DC,0x8008797E,Smoke limitation,0x19A438,0x1A74E4,1
0x1D184C,map_horsA2L_1D184C,map_horsA2L_1D184C,medium,smoke_maf_trqA,medium: pointe DANS smoke_maf_trqA @0x1D1658 +0x1F4 (Smoke limitation) — pas le debut de map; comment only; identique 64o vs 9979 au meme offset; fp32=5b5045aac031 uniq_u16=1,0x801D184C,0x800FC1B4,Smoke limitation,,,1
0x1D193C,map_horsA2L_1D193C,map_horsA2L_1D193C,medium,smoke_maf_trqA,medium: pointe DANS smoke_maf_trqA @0x1D1898 +0xA4 (Smoke limitation) — pas le debut de map; comment only; identique 64o vs 9979 au meme offset; fp32=5b5045aac031 uniq_u16=1; grid_rec=0x1D193C; ax=0x19C5C8; ay=0x19C768,0x801D193C,0x800F91F4,Smoke limitation,0x19C5C8,0x19C768,1
0x1D19EC,map_horsA2L_1D19EC,map_horsA2L_1D19EC,medium,smoke_maf_trqA,medium: pointe DANS smoke_maf_trqA @0x1D1898 +0x154 (Smoke limitation) — pas le debut de map; comment only; identique 64o vs 9979 au meme offset; fp32=5b5045aac031 uniq_u16=1; grid_rec=0x1D19EC,0x801D19EC,0x800B7680,Smoke limitation,,,1
0x1D1E64,map_horsA2L_1D1E64,map_horsA2L_1D1E64,medium,smoke_mapA,medium: pointe DANS smoke_mapA @0x1D1D18 +0x14C (Smoke limitation) — pas le debut de map; comment only; identique 64o vs 9979 au meme offset; fp32=e1af9780e7ca uniq_u16=30; grid_rec=0x1D1E64; ax=0x19F6F8; ay=0x1A365C; user-named: garder map_horsA2L_ en primaire,0x801D1E64,0x80074DB2,Smoke limitation,0x19F6F8,0x1A365C,1
0x1D20E4,map_horsA2L_1D20E4,map_horsA2L_1D20E4,medium,smoke_mapA,medium: pointe DANS smoke_mapA @0x1D1FC4 +0x120 (Smoke limitation) — pas le debut de map; comment only; identique 64o vs 9979 au meme offset; fp32=5c9625e787d8 uniq_u16=31; grid_rec=0x1D20E4; ax=0x19F68C; ay=0x1A74F4,0x801D20E4,0x800879EC,Smoke limitation,0x19F68C,0x1A74F4,1
0x1D287C,map_horsA2L_1D287C,map_horsA2L_1D287C,medium,smoke_mapA,medium: pointe DANS smoke_mapA @0x1D27C8 +0xB4 (Smoke limitation) — pas le debut de map; comment only; identique 64o vs 9979 au meme offset; fp32=b1c72dfd1bfc uniq_u16=27; grid_rec=0x1D287C; ax=0x1A5440; ay=0x1A9820,0x801D287C,0x8008E56C,Smoke limitation,0x1A5440,0x1A9820,1
0x1D296C,map_horsA2L_1D296C,map_horsA2L_1D296C,medium,smoke_mapA,medium: pointe DANS smoke_mapA @0x1D27C8 +0x1A4 (Smoke limitation) — pas le debut de map; comment only; identique 64o vs 9979 au meme offset; fp32=7dc7cfa069a5 uniq_u16=30; grid_rec=0x1D296C; ax=0x1B585C; ay=0x19B508,0x801D296C,0x800F04A4,Smoke limitation,0x1B585C,0x19B508,1
0x1D29CC,map_horsA2L_1D29CC,map_horsA2L_1D29CC,medium,smoke_mapA,medium: pointe DANS smoke_mapA @0x1D27C8 +0x204 (Smoke limitation) — pas le debut de map; comment only; identique 64o vs 9979 au meme offset; fp32=0af39bd3e9b7 uniq_u16=28; grid_rec=0x1D29CC,0x801D29CC,0x800B765C,Smoke limitation,,,1
0x1D2A30,map_horsA2L_1D2A30,map_horsA2L_1D2A30,medium,smoke_mapA,medium: pointe DANS smoke_mapA @0x1D27C8 +0x268 (Smoke limitation) — pas le debut de map; comment only; identique 64o vs 9979 au meme offset; fp32=654e316edee0 uniq_u16=29,0x801D2A30,0x8012E74A,Smoke limitation,,,1
0x1D2DC4,map_horsA2L_1D2DC4,map_horsA2L_1D2DC4,low,,low: 8000/A000 fill — pas une grille Nm lisible (ex. 1C4994); identique 64o vs 9979 au meme offset; fp32=48fb9447a011 uniq_u16=4; grid_rec=0x1D2DC4; ax=0x1AA850; ay=0x1AE8FC,0x801D2DC4,0x80080B06,,0x1AA850,0x1AE8FC,1
0x1D30EC,map_horsA2L_1D30EC,map_horsA2L_1D30EC,low,,low: pas dans l A2L/atlas 9979 (299 maps WinOLS) — nommer a la main si besoin; identique 64o vs 9979 au meme offset; fp32=ba40dd6e0af4 uniq_u16=6; grid_rec=0x1D30EC; ax=0x1A66E0,0x801D30EC,0x80087A56,,0x1A66E0,,1
0x1D33D8,map_horsA2L_1D33D8,map_horsA2L_1D33D8,medium,tqlim_fuel_temp2A,medium: pointe DANS tqlim_fuel_temp2A @0x1D3390 +0x48 (Engine torque limiters) — pas le debut de map; comment only; identique 64o vs 9979 au meme offset; fp32=af9613760f72 uniq_u16=5; grid_rec=0x1D33D8; ax=0x1B183C; ay=0x1B3824,0x801D33D8,0x800EDCA2,Engine torque limiters,0x1B183C,0x1B3824,1
0x1D3648,map_horsA2L_1D3648,map_horsA2L_1D3648,medium,tqlim_tegt_temp,medium: pointe DANS tqlim_tegt_temp @0x1D35A8 +0xA0 (Engine torque limiters) — pas le debut de map; comment only; identique 64o vs 9979 au meme offset; fp32=2359dec0ce4e uniq_u16=26; grid_rec=0x1F28A0 (mismatch); ax=0x1C8628; ay=0x1D3648,0x801D3648,0x8009A0AE,Engine torque limiters,0x1C8628,0x1D3648,1
0x1D365C,map_horsA2L_1D365C,map_horsA2L_1D365C,medium,tqlim_tegt_temp,medium: pointe DANS tqlim_tegt_temp @0x1D35A8 +0xB4 (Engine torque limiters) — pas le debut de map; comment only; identique 64o vs 9979 au meme offset; fp32=ba2a04157cb2 uniq_u16=27; grid_rec=0x1F48A0 (mismatch); ax=0x1C863C; ay=0x1D365C,0x801D365C,0x8009A0E0,Engine torque limiters,0x1C863C,0x1D365C,1
0x1D382C,map_horsA2L_1D382C,map_horsA2L_1D382C,low,,low: 8000/A000 fill — pas une grille Nm lisible (ex. 1C4994); identique 64o vs 9979 au meme offset; fp32=2cde2dbaa034 uniq_u16=1; grid_rec=0x1D382C; ax=0x19B4EC; ay=0x19865C,0x801D382C,0x800EA66A,,0x19B4EC,0x19865C,1
0x1D3F00,map_horsA2L_1D3F00,map_horsA2L_1D3F00,low,,low: 8000/A000 fill — pas une grille Nm lisible (ex. 1C4994); identique 64o vs 9979 au meme offset; fp32=e5df89be50a4 uniq_u16=5; grid_rec=0x1D3F00; ax=0x1A472C; ay=0x1A63F0,0x801D3F00,0x800FBDDC,,0x1A472C,0x1A63F0,1
0x1D3FC0,map_horsA2L_1D3FC0,map_horsA2L_1D3FC0,low,,low: pas dans l A2L/atlas 9979 (299 maps WinOLS) — nommer a la main si besoin; identique 64o vs 9979 au meme offset; fp32=d2070f1511ad uniq_u16=8; grid_rec=0x1D3FC0,0x801D3FC0,0x800CC612,,,,1
0x1D4090,map_horsA2L_1D4090,map_horsA2L_1D4090,low,,low: pas dans l A2L/atlas 9979 (299 maps WinOLS) — nommer a la main si besoin; identique 64o vs 9979 au meme offset; fp32=ab0614a0a2e6 uniq_u16=7; grid_rec=0x1D4090; ax=0x1A5620; ay=0x19B538,0x801D4090,0x80095F24,,0x1A5620,0x19B538,1
0x1D485C,map_horsA2L_1D485C,map_horsA2L_1D485C,low,,low: pas dans l A2L/atlas 9979 (299 maps WinOLS) — nommer a la main si besoin; identique 64o vs 9979 au meme offset; fp32=170495952263 uniq_u16=26; grid_rec=0x1D485C; ax=0x1A6448; ay=0x1A9830,0x801D485C,0x8008D7F4,,0x1A6448,0x1A9830,1
0x1D4A28,map_horsA2L_1D4A28,map_horsA2L_1D4A28,low,,low: pas dans l A2L/atlas 9979 (299 maps WinOLS) — nommer a la main si besoin; identique 64o vs 9979 au meme offset; fp32=81e083e452d6 uniq_u16=14,0x801D4A28,0x8012E720,,,,1
0x1D5308,map_horsA2L_1D5308,map_horsA2L_1D5308,low,,low: pas dans l A2L/atlas 9979 (299 maps WinOLS) — nommer a la main si besoin; identique 64o vs 9979 au meme offset; fp32=46070f7c8fbc uniq_u16=1; grid_rec=0x1D5308; ax=0x1A98D8; ay=0x19E408,0x801D5308,0x800BFCC2,,0x1A98D8,0x19E408,1
0x1D53D8,map_horsA2L_1D53D8,map_horsA2L_1D53D8,low,,low: pas dans l A2L/atlas 9979 (299 maps WinOLS) — nommer a la main si besoin; identique 64o vs 9979 au meme offset; fp32=46070f7c8fbc uniq_u16=1; grid_rec=0x1D53D8; ax=0x1B2810; ay=0x1B3838,0x801D53D8,0x800EDCC6,,0x1B2810,0x1B3838,1
0x1D5430,map_horsA2L_1D5430,map_horsA2L_1D5430,low,,low: pas dans l A2L/atlas 9979 (299 maps WinOLS) — nommer a la main si besoin; identique 64o vs 9979 au meme offset; fp32=46070f7c8fbc uniq_u16=1; grid_rec=0x1CA43C (mismatch); ax=0x1D6420; ay=0x1D5430,0x801D5430,0x8010662A,,0x1D6420,0x1D5430,1
0x1D5488,map_horsA2L_1D5488,map_horsA2L_1D5488,low,,low: pas dans l A2L/atlas 9979 (299 maps WinOLS) — nommer a la main si besoin; identique 64o vs 9979 au meme offset; fp32=46070f7c8fbc uniq_u16=1; grid_rec=0x1CB48C (mismatch); ax=0x1D1488; ay=0x1D5488,0x801D5488,0x80105574,,0x1D1488,0x1D5488,1
0x1D587C,map_horsA2L_1D587C,map_horsA2L_1D587C,low,,low: pas dans l A2L/atlas 9979 (299 maps WinOLS) — nommer a la main si besoin; identique 64o vs 9979 au meme offset; fp32=0bb0be65b22f uniq_u16=21; grid_rec=0x1D587C; ax=0x1A645C; ay=0x1AA800,0x801D587C,0x8008CD5A,,0x1A645C,0x1AA800,1
0x1D5884,map_horsA2L_1D5884,map_horsA2L_1D5884,low,,low: pas dans l A2L/atlas 9979 (299 maps WinOLS) — nommer a la main si besoin; identique 64o vs 9979 au meme offset; fp32=1c4fa3b2060c uniq_u16=21; grid_rec=0x1D5884; ax=0x19D650; ay=0x19C444,0x801D5884,0x800F915A,,0x19D650,0x19C444,1
0x1D5AE4,map_horsA2L_1D5AE4,map_horsA2L_1D5AE4,low,,low: pas dans l A2L/atlas 9979 (299 maps WinOLS) — nommer a la main si besoin; identique 64o vs 9979 au meme offset; fp32=0569bc1d5541 uniq_u16=18; grid_rec=0x1D5AE4; ax=0x1A8864; ay=0x1AC87C,0x801D5AE4,0x800EC1D8,,0x1A8864,0x1AC87C,1
0x1D5F28,map_horsA2L_1D5F28,map_horsA2L_1D5F28,low,,low: pas dans l A2L/atlas 9979 (299 maps WinOLS) — nommer a la main si besoin; identique 64o vs 9979 au meme offset; fp32=30b22f04cfd9 uniq_u16=17; grid_rec=0x1D5F28; ax=0x1B38C0; ay=0x19C67C,0x801D5F28,0x800F48F4,,0x1B38C0,0x19C67C,1
0x1D6368,map_horsA2L_1D6368,map_horsA2L_1D6368,low,,low: pas dans l A2L/atlas 9979 (299 maps WinOLS) — nommer a la main si besoin; identique 64o vs 9979 au meme offset; fp32=accdae16ec4c uniq_u16=5; grid_rec=0x1D6368; ax=0x199614; ay=0x1A46DC,0x801D6368,0x800BFD5A,,0x199614,0x1A46DC,1
0x1D6408,map_horsA2L_1D6408,map_horsA2L_1D6408,low,,low: pas dans l A2L/atlas 9979 (299 maps WinOLS) — nommer a la main si besoin; identique 64o vs 9979 au meme offset; fp32=f4f6b97ee1dc uniq_u16=15; grid_rec=0x1D144C (mismatch); ax=0x1D6438; ay=0x1D6408,0x801D6408,0x801065F8,,0x1D6438,0x1D6408,1
0x1D6558,map_horsA2L_1D6558,map_horsA2L_1D6558,low,,low: pas dans l A2L/atlas 9979 (299 maps WinOLS) — nommer a la main si besoin; identique 64o vs 9979 au meme offset; fp32=995f17aa9c67 uniq_u16=7; grid_rec=0x1D6558,0x801D6558,0x80105F66,,,,1
0x1D6EBC,map_horsA2L_1D6EBC,map_horsA2L_1D6EBC,low,,low: pas dans l A2L/atlas 9979 (299 maps WinOLS) — nommer a la main si besoin; identique 64o vs 9979 au meme offset; fp32=4ca9cbe71d93 uniq_u16=5; grid_rec=0x1D6EBC,0x801D6EBC,0x800E4172,,,,1
0x1D741C,map_horsA2L_1D741C,map_horsA2L_1D741C,low,,low: pas dans l A2L/atlas 9979 (299 maps WinOLS) — nommer a la main si besoin; identique 64o vs 9979 au meme offset; fp32=10f7c793e159 uniq_u16=6; grid_rec=0x1CE404 (mismatch); ax=0x1D6420; ay=0x1D741C,0x801D741C,0x8010668C,,0x1D6420,0x1D741C,1
0x1D74EC,map_horsA2L_1D74EC,map_horsA2L_1D74EC,low,,low: pas dans l A2L/atlas 9979 (299 maps WinOLS) — nommer a la main si besoin; identique 64o vs 9979 au meme offset; fp32=3fe2e3922bf1 uniq_u16=14; grid_rec=0x1D74EC; ay=0x1CE440,0x801D74EC,0x80105E1E,,,0x1CE440,1
0x1D7AE4,map_horsA2L_1D7AE4,map_horsA2L_1D7AE4,low,,low: pas dans l A2L/atlas 9979 (299 maps WinOLS) — nommer a la main si besoin; identique 64o vs 9979 au meme offset; fp32=746ee3cd0bbb uniq_u16=5; grid_rec=0x1D7AE4; ax=0x1A8864; ay=0x1AC87C,0x801D7AE4,0x800EC198,,0x1A8864,0x1AC87C,1
0x1D7F80,map_horsA2L_1D7F80,map_horsA2L_1D7F80,medium,nm2iq_base_mg3A,medium: pointe DANS nm2iq_base_mg3A @0x1D7E38 +0x148 (Injection system) — pas le debut de map; comment only; differe de 9979 au meme offset; fp32=c314ad9e514d uniq_u16=29; grid_rec=0x1D7F80,0x801D7F80,0x800CC4D4,Injection system,,,0
0x1D7FC0,map_horsA2L_1D7FC0,map_horsA2L_1D7FC0,medium,nm2iq_base_mg3A,medium: pointe DANS nm2iq_base_mg3A @0x1D7E38 +0x188 (Injection system) — pas le debut de map; comment only; differe de 9979 au meme offset; fp32=5d0aa6739d0c uniq_u16=28; grid_rec=0x1D7FC0,0x801D7FC0,0x800CC67C,Injection system,,,0
0x1E8DB0,map_horsA2L_1E8DB0,map_horsA2L_1E8DB0,low,,low: 8000/A000 fill — pas une grille Nm lisible (ex. 1C4994); identique 64o vs 9979 au meme offset; fp32=2cde2dbaa034 uniq_u16=2; grid_rec=0x1E8DB0; ax=0x1AE848; ay=0x1AA974,0x801E8DB0,0x80090740,,0x1AE848,0x1AA974,1
0x1EBBC8,map_horsA2L_1EBBC8,map_horsA2L_1EBBC8,medium,rail_request_horsA2L_banque_14,medium: pointe DANS rail_request_horsA2L_banque_14 @0x1EBB68 +0x60 (Hors A2L / provisoire) — pas le debut de map; comment only; identique 64o vs 9979 au meme offset; fp32=cce8cc31da93 uniq_u16=32; grid_rec=0x1EBBC8; ax=0x1E88E8,0x801EBBC8,0x800B5A66,Hors A2L / provisoire,0x1E88E8,,1
0x1EDC74,map_horsA2L_1EDC74,map_horsA2L_1EDC74,low,,low: 8000/A000 fill — pas une grille Nm lisible (ex. 1C4994); identique 64o vs 9979 au meme offset; fp32=66687aadf862 uniq_u16=1; grid_rec=0x1EECEC (mismatch); ax=0x1EDC4C; ay=0x1EDC74,0x801EDC74,0x80088DBE,,0x1EDC4C,0x1EDC74,1
0x1EEDDC,map_horsA2L_1EEDDC,map_horsA2L_1EEDDC,low,,low: 8000/A000 fill — pas une grille Nm lisible (ex. 1C4994); identique 64o vs 9979 au meme offset; fp32=66687aadf862 uniq_u16=1; grid_rec=0x1F0E04 (mismatch); ax=0x1EEDD0; ay=0x1EEDDC,0x801EEDDC,0x80115454,,0x1EEDD0,0x1EEDDC,1
0x1F0C24,map_horsA2L_1F0C24,map_horsA2L_1F0C24,low,,low: 8000/A000 fill — pas une grille Nm lisible (ex. 1C4994); identique 64o vs 9979 au meme offset; fp32=66687aadf862 uniq_u16=1; grid_rec=0x1F1C18 (mismatch); ax=0x1EFBF0; ay=0x1F0C24,0x801F0C24,0x800F0BCE,,0x1EFBF0,0x1F0C24,1
0x1F1D90,map_horsA2L_1F1D90,map_horsA2L_1F1D90,low,,low: 8000/A000 fill — pas une grille Nm lisible (ex. 1C4994); identique 64o vs 9979 au meme offset; fp32=66687aadf862 uniq_u16=1; grid_rec=0x1EBDB0 (mismatch); ax=0x1F0DB0; ay=0x1F1D90,0x801F1D90,0x8009061A,,0x1F0DB0,0x1F1D90,1
0x1F1DA0,map_horsA2L_1F1DA0,map_horsA2L_1F1DA0,low,,low: 8000/A000 fill — pas une grille Nm lisible (ex. 1C4994); identique 64o vs 9979 au meme offset; fp32=66687aadf862 uniq_u16=1; grid_rec=0x1ECDB8 (mismatch); ax=0x1F1D80; ay=0x1F1DA0,0x801F1DA0,0x8009063E,,0x1F1D80,0x1F1DA0,1
0x1F4C14,map_horsA2L_1F4C14,map_horsA2L_1F4C14,low,,low: 8000/A000 fill — pas une grille Nm lisible (ex. 1C4994); identique 64o vs 9979 au meme offset; fp32=66687aadf862 uniq_u16=1; grid_rec=0x1F4C14,0x801F4C14,0x800F0B16,,,,1
0x1F5C1C,map_horsA2L_1F5C1C,map_horsA2L_1F5C1C,low,,low: 8000/A000 fill — pas une grille Nm lisible (ex. 1C4994); identique 64o vs 9979 au meme offset; fp32=66687aadf862 uniq_u16=1; grid_rec=0x1F5C1C,0x801F5C1C,0x800F0B32,,,,1
0x1F5D94,map_horsA2L_1F5D94,map_horsA2L_1F5D94,low,,low: 8000/A000 fill — pas une grille Nm lisible (ex. 1C4994); identique 64o vs 9979 au meme offset; fp32=66687aadf862 uniq_u16=1; grid_rec=0x1F5DC0 (mismatch); ax=0x1F2DBC; ay=0x1F5D94,0x801F5D94,0x800F5068,,0x1F2DBC,0x1F5D94,1
0x1F5DA4,map_horsA2L_1F5DA4,map_horsA2L_1F5DA4,low,,low: 8000/A000 fill — pas une grille Nm lisible (ex. 1C4994); identique 64o vs 9979 au meme offset; fp32=66687aadf862 uniq_u16=1; grid_rec=0x1E8DD8 (mismatch); ax=0x1F4DB4; ay=0x1F5DA4,0x801F5DA4,0x800F515A,,0x1F4DB4,0x1F5DA4,1
0x1F5DB4,map_horsA2L_1F5DB4,map_horsA2L_1F5DB4,low,,low: 8000/A000 fill — pas une grille Nm lisible (ex. 1C4994); identique 64o vs 9979 au meme offset; fp32=66687aadf862 uniq_u16=1; grid_rec=0x1EADE8 (mismatch); ax=0x1F5D84; ay=0x1F5DB4,0x801F5DB4,0x800F50E2,,0x1F5D84,0x1F5DB4,1
0x1F7BC8,map_horsA2L_1F7BC8,map_horsA2L_1F7BC8,low,,low: 8000/A000 fill — pas une grille Nm lisible (ex. 1C4994); identique 64o vs 9979 au meme offset; fp32=66687aadf862 uniq_u16=1; grid_rec=0x1F7BC8,0x801F7BC8,0x800B5A26,,,,1
0x1F7D98,map_horsA2L_1F7D98,map_horsA2L_1F7D98,low,,low: 8000/A000 fill — pas une grille Nm lisible (ex. 1C4994); identique 64o vs 9979 au meme offset; fp32=66687aadf862 uniq_u16=1; grid_rec=0x1ECDE0 (mismatch); ax=0x1F2D88; ay=0x1F7D98,0x801F7D98,0x80090862,,0x1F2D88,0x1F7D98,1
