call_site,target,name
0x80052C30,0x8004CCA0,map_interp_C
0x80053D44,0x8004CD40,map_interp_E
0x80053D7A,0x8004CD40,map_interp_E
0x80053F36,0x8004CD40,map_interp_E
0x80053F62,0x8004CD40,map_interp_E
0x80054018,0x8004CD40,map_interp_E
0x80055066,0x8004CCA0,map_interp_C
0x80055434,0x8004F46C,map_interp_M
0x8005546C,0x8004D760,map_interp_O
0x800556B8,0x8004CD40,map_interp_E
0x80055D1E,0x8004C960,interp_2d_B
0x80057410,0x8004CCA0,map_interp_C
0x8005843E,0x8004CD40,map_interp_E
0x8005B034,0x8004CDE0,map_interp_N
0x8005F408,0x8004CCA0,map_interp_C
0x8005F476,0x8004CCA0,map_interp_C
0x800610AE,0x8004CCA0,map_interp_C
0x80061E12,0x8004CCA0,map_interp_C
0x8006202E,0x8004C960,interp_2d_B
0x80062080,0x8004C960,interp_2d_B
0x80073F68,0x8004CF60,map_interp_G
0x80073F76,0x8004CF80,map_interp_D
0x80073F82,0x8004DB5C,map_interp_F
0x80073FCE,0x8004CF80,map_interp_D
0x80073FDA,0x8004DB5C,map_interp_F
0x80074018,0x8004DB5C,map_interp_F
0x80074028,0x8004CF80,map_interp_D
0x80074040,0x8004DB5C,map_interp_F
0x8007408E,0x8004CF80,map_interp_D
0x8007409A,0x8004DB5C,map_interp_F
0x800740BC,0x8004DB5C,map_interp_F
0x800740CC,0x8004CF80,map_interp_D
0x800740E0,0x8004DB5C,map_interp_F
0x80074222,0x8004CCA0,map_interp_C
0x80074254,0x8004CCA0,map_interp_C
0x800742D6,0x8004CCA0,map_interp_C
0x800742FA,0x8004CCA0,map_interp_C
0x80074D4E,0x8004C7A0,interp_2d
0x80074D78,0x8004C7A0,interp_2d
0x80074DB2,0x8004C7A0,interp_2d
0x80074DCE,0x8004C7A0,interp_2d
0x80074E68,0x8004CCA0,map_interp_C
0x80074E9C,0x8004C7A0,interp_2d
0x80074EBE,0x8004C7A0,interp_2d
0x80074EFA,0x8004CF80,map_interp_D
0x80074F06,0x8004BAC0,map_interp_I
0x80074F14,0x8004BAC0,map_interp_I
0x80078AB4,0x8004CCA0,map_interp_C
0x80078AD6,0x8004CCA0,map_interp_C
0x80078C04,0x8004CCA0,map_interp_C
0x80078F9C,0x8004C600,map_interp_K
0x8007928A,0x8004CF20,map_interp_J
0x8007937E,0x8004CCA0,map_interp_C
0x8007972A,0x8004C600,map_interp_K
0x80079736,0x8004BAC0,map_interp_I
0x8007974E,0x8004BAC0,map_interp_I
0x8007981C,0x8004CD40,map_interp_E
0x8007A4AA,0x8004E260,map_interp_H
0x8007A79E,0x8004CF80,map_interp_D
0x8007A7A6,0x8004BAC0,map_interp_I
0x8007A7C4,0x8004BAC0,map_interp_I
0x8007B254,0x8004CCA0,map_interp_C
0x8007B27C,0x8004CCA0,map_interp_C
0x8007B2B4,0x8004C960,interp_2d_B
0x8007B9AA,0x8004E260,map_interp_H
0x8007B9C2,0x8004E260,map_interp_H
0x8007BC2A,0x8004CCA0,map_interp_C
0x8007BC48,0x8004CCA0,map_interp_C
0x8007BC86,0x8004C7A0,interp_2d
0x8007BCB6,0x8004CF80,map_interp_D
0x8007BCE6,0x8004BAC0,map_interp_I
0x8007BD3A,0x8004BAC0,map_interp_I
0x8007BD90,0x8004BAC0,map_interp_I
0x8007BDCA,0x8004CF80,map_interp_D
0x8007BF2C,0x8004CD40,map_interp_E
0x8007BF70,0x8004CF20,map_interp_J
0x8007BF86,0x8004E4E8,map_interp_L
0x8007C600,0x8004CCA0,map_interp_C
0x8007C648,0x8004CCA0,map_interp_C
0x8007C6BC,0x8004CF20,map_interp_J
0x8007C6D6,0x8004E4E8,map_interp_L
0x8007D268,0x8004CF80,map_interp_D
0x8007D288,0x8004CF60,map_interp_G
0x8007D326,0x8004CF80,map_interp_D
0x8007D346,0x8004CF60,map_interp_G
0x8007D4D4,0x8004CCA0,map_interp_C
0x8007D562,0x8004F46C,map_interp_M
0x8007D5A8,0x8004CCA0,map_interp_C
0x8007D730,0x8004C7A0,interp_2d
0x8007D762,0x8004C7A0,interp_2d
0x8007D838,0x8004CCA0,map_interp_C
0x8007D998,0x8004CF20,map_interp_J
0x8007DA38,0x8004CCA0,map_interp_C
0x8007DB10,0x8004C7A0,interp_2d
0x8007E242,0x8004C7A0,interp_2d
0x8007E3A2,0x8004CF80,map_interp_D
0x8007E3BC,0x8004CF60,map_interp_G
0x8007E3D0,0x8004DB5C,map_interp_F
0x8007E814,0x8004CF20,map_interp_J
0x8007E82A,0x8004E4E8,map_interp_L
0x8007E908,0x8004CF20,map_interp_J
0x8007E91E,0x8004E4E8,map_interp_L
0x8007F122,0x8004C7A0,interp_2d
0x8007F14A,0x8004CDE0,map_interp_N
0x8007F178,0x8004C7A0,interp_2d
0x8007F1AC,0x8004C7A0,interp_2d
0x8007F1CE,0x8004CD40,map_interp_E
0x8007F244,0x8004CF60,map_interp_G
0x8007F250,0x8004DB5C,map_interp_F
0x800801FC,0x8004C600,map_interp_K
0x80080520,0x8004F46C,map_interp_M
0x8008054C,0x8004F46C,map_interp_M
0x8008068A,0x8004CD40,map_interp_E
0x800806E0,0x8004CD40,map_interp_E
0x80080B06,0x8004C7A0,interp_2d
0x80080B24,0x8004CF80,map_interp_D
0x80080B32,0x8004CF60,map_interp_G
0x80080B40,0x8004DB5C,map_interp_F
0x80080CEC,0x8004CD40,map_interp_E
0x80080D0E,0x8004E4E8,map_interp_L
0x80080D2A,0x8004CD40,map_interp_E
0x80080DC8,0x8004E4E8,map_interp_L
0x80080E2A,0x8004E4E8,map_interp_L
0x80081674,0x8004E4E8,map_interp_L
0x800817A4,0x8004C960,interp_2d_B
0x800817D4,0x8004C960,interp_2d_B
0x80081832,0x8004E4E8,map_interp_L
0x8008190E,0x8004C960,interp_2d_B
0x8008193C,0x8004C960,interp_2d_B
0x80081954,0x8004CD40,map_interp_E
0x800819E2,0x8004C7A0,interp_2d
0x80081A08,0x8004F46C,map_interp_M
0x80081A3C,0x8004C960,interp_2d_B
0x80081A6A,0x8004F46C,map_interp_M
0x80081A9A,0x8004C7A0,interp_2d
0x80081AF6,0x8004C7A0,interp_2d
0x80081B1C,0x8004F46C,map_interp_M
0x80081B50,0x8004C960,interp_2d_B
0x80081B7E,0x8004F46C,map_interp_M
0x80081BAE,0x8004C7A0,interp_2d
0x80081E9C,0x8004C600,map_interp_K
0x80081ECA,0x8004BAC0,map_interp_I
0x80081EF8,0x8004BAC0,map_interp_I
0x80081FC8,0x8004C600,map_interp_K
0x80081FEA,0x8004DB5C,map_interp_F
0x80081FFC,0x8004DB5C,map_interp_F
0x80082022,0x8004CCA0,map_interp_C
0x800823A6,0x8004CD40,map_interp_E
0x80084FE6,0x8004CF80,map_interp_D
0x80084FF2,0x8004BAC0,map_interp_I
0x80085BB2,0x8004CCA0,map_interp_C
0x80085BD2,0x8004CDE0,map_interp_N
0x80085C3A,0x8004CCA0,map_interp_C
0x80085DF6,0x8004E4E8,map_interp_L
0x80085EA0,0x8004CCA0,map_interp_C
0x80085F02,0x8004C7A0,interp_2d
0x80085F44,0x8004C7A0,interp_2d
0x80085F7E,0x8004CD40,map_interp_E
0x80085FC0,0x8004CCA0,map_interp_C
0x80085FD4,0x8004CCA0,map_interp_C
0x8008621A,0x8004CF80,map_interp_D
0x80086226,0x8004BAC0,map_interp_I
0x80086260,0x8004BAC0,map_interp_I
0x8008627C,0x8004CD40,map_interp_E
0x8008634E,0x8004CD40,map_interp_E
0x8008637C,0x8004CCA0,map_interp_C
0x800866D4,0x8004CF80,map_interp_D
0x800866FA,0x8004DB5C,map_interp_F
0x80086D52,0x8004D760,map_interp_O
0x80086D6A,0x8004CD40,map_interp_E
0x80086F3C,0x8004CF80,map_interp_D
0x80086F60,0x8004DB5C,map_interp_F
0x80087038,0x8004CCA0,map_interp_C
0x8008736E,0x8004C960,interp_2d_B
0x800873A8,0x8004C960,interp_2d_B
0x800873C0,0x8004C960,interp_2d_B
0x8008749C,0x8004CCA0,map_interp_C
0x80087600,0x8004CF20,map_interp_J
0x80087676,0x8004CF80,map_interp_D
0x8008768A,0x8004CF60,map_interp_G
0x800876A2,0x8004DB5C,map_interp_F
0x800876F2,0x8004C960,interp_2d_B
0x80087704,0x8004CF80,map_interp_D
0x80087718,0x8004CF60,map_interp_G
0x80087730,0x8004DB5C,map_interp_F
0x80087876,0x8004C7A0,interp_2d
0x80087894,0x8004CD40,map_interp_E
0x800878C0,0x8004F46C,map_interp_M
0x80087904,0x8004C7A0,interp_2d
0x80087920,0x8004CCA0,map_interp_C
0x80087954,0x8004C7A0,interp_2d
0x8008797E,0x8004C7A0,interp_2d
0x8008799C,0x8004CD40,map_interp_E
0x800879EC,0x8004C7A0,interp_2d
0x80087A06,0x8004CD40,map_interp_E
0x80087A56,0x8004C7A0,interp_2d
0x80087A78,0x8004C7A0,interp_2d
0x80087AC0,0x8004C960,interp_2d_B
0x80087B26,0x8004C960,interp_2d_B
0x80087C1E,0x8004C600,map_interp_K
0x80087C32,0x8004CF60,map_interp_G
0x80087C42,0x8004DB5C,map_interp_F
0x80087CC4,0x8004CF80,map_interp_D
0x80087CD8,0x8004CF60,map_interp_G
0x80087CFC,0x8004DB5C,map_interp_F
0x80087D0E,0x8004C600,map_interp_K
0x80087D28,0x8004DB5C,map_interp_F
0x8008831C,0x8004C600,map_interp_K
0x8008833E,0x8004BAC0,map_interp_I
0x800883A8,0x8004DB5C,map_interp_F
0x800883C0,0x8004DB5C,map_interp_F
0x80088DBE,0x8004C7A0,interp_2d
0x80089092,0x8004C600,map_interp_K
0x800890C2,0x8004DB5C,map_interp_F
0x80089124,0x8004CF80,map_interp_D
0x80089138,0x8004CF60,map_interp_G
0x80089156,0x8004DB5C,map_interp_F
0x8008916E,0x8004CD40,map_interp_E
0x80089190,0x8004D760,map_interp_O
0x8008929E,0x8004CF80,map_interp_D
0x800892AE,0x8004CF60,map_interp_G
0x800892C6,0x8004DB5C,map_interp_F
0x800892DA,0x8004DB5C,map_interp_F
0x80089338,0x8004CF80,map_interp_D
0x8008935A,0x8004BAC0,map_interp_I
0x80089AD6,0x8004C600,map_interp_K
0x80089AEC,0x8004BAC0,map_interp_I
0x8008A164,0x8004CF80,map_interp_D
0x8008A172,0x8004BAC0,map_interp_I
0x8008A8EE,0x8004E4E8,map_interp_L
0x8008A962,0x8004CDE0,map_interp_N
0x8008AA7E,0x8004E4E8,map_interp_L
0x8008B14E,0x8004CF80,map_interp_D
0x8008B17E,0x8004BAC0,map_interp_I
0x8008B18E,0x8004BAC0,map_interp_I
0x8008B652,0x8004CCA0,map_interp_C
0x8008B688,0x8004CCA0,map_interp_C
0x8008BA60,0x8004CD40,map_interp_E
0x8008BAAA,0x8004CD40,map_interp_E
0x8008BC0E,0x8004CCA0,map_interp_C
0x8008C39A,0x8004CDE0,map_interp_N
0x8008C778,0x8004CCA0,map_interp_C
0x8008CA98,0x8004C600,map_interp_K
0x8008CAD8,0x8004CF80,map_interp_D
0x8008CAEE,0x8004CF60,map_interp_G
0x8008CAFA,0x8004DB5C,map_interp_F
0x8008CB12,0x8004CF80,map_interp_D
0x8008CB24,0x8004CF60,map_interp_G
0x8008CB30,0x8004DB5C,map_interp_F
0x8008CC2C,0x8004C7A0,interp_2d
0x8008CC44,0x8004CCA0,map_interp_C
0x8008CC62,0x8004CF80,map_interp_D
0x8008CC6A,0x8004BAC0,map_interp_I
0x8008CCE4,0x8004CF80,map_interp_D
0x8008CCEC,0x8004BAC0,map_interp_I
0x8008CD28,0x8004CF80,map_interp_D
0x8008CD30,0x8004BAC0,map_interp_I
0x8008CD5A,0x8004C7A0,interp_2d
0x8008CEE8,0x8004CF80,map_interp_D
0x8008CEF0,0x8004BAC0,map_interp_I
0x8008CEFC,0x8004BAC0,map_interp_I
0x8008D08C,0x8004CF80,map_interp_D
0x8008D098,0x8004BAC0,map_interp_I
0x8008D0BE,0x8004CCA0,map_interp_C
0x8008D1A2,0x8004CCA0,map_interp_C
0x8008D32E,0x8004CCA0,map_interp_C
0x8008D3BC,0x8004CCA0,map_interp_C
0x8008D778,0x8004C7A0,interp_2d
0x8008D790,0x8004CCA0,map_interp_C
0x8008D7F4,0x8004C7A0,interp_2d
0x8008D81C,0x8004C600,map_interp_K
0x8008D824,0x8004BAC0,map_interp_I
0x8008D836,0x8004BAC0,map_interp_I
0x8008D882,0x8004C7A0,interp_2d
0x8008D8BA,0x8004C7A0,interp_2d
0x8008D99A,0x8004CCA0,map_interp_C
0x8008D9C0,0x8004CCA0,map_interp_C
0x8008DA5A,0x8004CF80,map_interp_D
0x8008DA62,0x8004BAC0,map_interp_I
0x8008DA6E,0x8004BAC0,map_interp_I
0x8008DC5E,0x8004CCA0,map_interp_C
0x8008DDD0,0x8004CD40,map_interp_E
0x8008DEDC,0x8004CCA0,map_interp_C
0x8008DF6A,0x8004CCA0,map_interp_C
0x8008E1E2,0x8004CF80,map_interp_D
0x8008E1FC,0x8004CF60,map_interp_G
0x8008E208,0x8004DB5C,map_interp_F
0x8008E224,0x8004CF80,map_interp_D
0x8008E236,0x8004CF60,map_interp_G
0x8008E242,0x8004DB5C,map_interp_F
0x8008E44A,0x8004C7A0,interp_2d
0x8008E462,0x8004CCA0,map_interp_C
0x8008E47E,0x8004CF80,map_interp_D
0x8008E486,0x8004BAC0,map_interp_I
0x8008E4FC,0x8004CF80,map_interp_D
0x8008E504,0x8004BAC0,map_interp_I
0x8008E53C,0x8004CF80,map_interp_D
0x8008E544,0x8004BAC0,map_interp_I
0x8008E56C,0x8004C7A0,interp_2d
0x8008E6FE,0x8004CCA0,map_interp_C
0x8008E718,0x8004CCA0,map_interp_C
0x8008E8AE,0x8004CF80,map_interp_D
0x8008E8BA,0x8004BAC0,map_interp_I
0x8008E8E2,0x8004CCA0,map_interp_C
0x8008E9B8,0x8004CCA0,map_interp_C
0x8008EA46,0x8004CCA0,map_interp_C
0x8008EE16,0x8004CCA0,map_interp_C
0x8008F8F0,0x8004CCA0,map_interp_C
0x8008FAC4,0x8004CCA0,map_interp_C
0x800905BE,0x8004C600,map_interp_K
0x8009061A,0x8004C7A0,interp_2d
0x8009063E,0x8004C7A0,interp_2d
0x80090740,0x8004C7A0,interp_2d
0x80090758,0x8004CCA0,map_interp_C
0x8009077A,0x8004CCA0,map_interp_C
0x800907F8,0x8004CCA0,map_interp_C
0x80090838,0x8004CCA0,map_interp_C
0x80090862,0x8004C7A0,interp_2d
0x800909F0,0x8004CF80,map_interp_D
0x800909F8,0x8004BAC0,map_interp_I
0x80090A04,0x8004BAC0,map_interp_I
0x80090BA6,0x8004CCA0,map_interp_C
0x80090BCE,0x8004CCA0,map_interp_C
0x80090CB2,0x8004CCA0,map_interp_C
0x80090E40,0x8004CCA0,map_interp_C
0x80090ECE,0x8004CCA0,map_interp_C
0x80090F62,0x8004C600,map_interp_K
0x80091ADC,0x8004E260,map_interp_H
0x8009227A,0x8004CCA0,map_interp_C
0x800922C6,0x8004CCA0,map_interp_C
0x80092490,0x8004C600,map_interp_K
0x800924A6,0x8004BAC0,map_interp_I
0x800924D0,0x8004CF80,map_interp_D
0x800924E8,0x8004CF60,map_interp_G
0x80092526,0x8004DB5C,map_interp_F
0x8009254A,0x8004DB5C,map_interp_F
0x80092598,0x8004C600,map_interp_K
0x800925AE,0x8004BAC0,map_interp_I
0x800925D8,0x8004CF80,map_interp_D
0x800925F2,0x8004CF60,map_interp_G
0x8009261C,0x8004DB5C,map_interp_F
0x80092640,0x8004DB5C,map_interp_F
0x8009268E,0x8004C600,map_interp_K
0x800926A4,0x8004BAC0,map_interp_I
0x800926CE,0x8004CF80,map_interp_D
0x800926E8,0x8004CF60,map_interp_G
0x80092712,0x8004DB5C,map_interp_F
0x80092736,0x8004DB5C,map_interp_F
0x80092780,0x8004C600,map_interp_K
0x80092796,0x8004BAC0,map_interp_I
0x800927C0,0x8004CF80,map_interp_D
0x800927D8,0x8004CF60,map_interp_G
0x80092816,0x8004DB5C,map_interp_F
0x8009283A,0x8004DB5C,map_interp_F
0x80092878,0x8004C600,map_interp_K
0x80092890,0x8004CF80,map_interp_D
0x800928A2,0x8004CF60,map_interp_G
0x800928CC,0x8004C600,map_interp_K
0x800928E4,0x8004CF80,map_interp_D
0x800928F6,0x8004CF60,map_interp_G
0x8009290A,0x8004DB5C,map_interp_F
0x80092A06,0x8004C600,map_interp_K
0x80092A1C,0x8004BAC0,map_interp_I
0x80092A46,0x8004CF80,map_interp_D
0x80092A5E,0x8004CF60,map_interp_G
0x80092A9C,0x8004DB5C,map_interp_F
0x80092AC0,0x8004DB5C,map_interp_F
0x80092B0E,0x8004C600,map_interp_K
0x80092B24,0x8004BAC0,map_interp_I
0x80092B4E,0x8004CF80,map_interp_D
0x80092B68,0x8004CF60,map_interp_G
0x80092B92,0x8004DB5C,map_interp_F
0x80092BB6,0x8004DB5C,map_interp_F
0x80092C04,0x8004C600,map_interp_K
0x80092C1A,0x8004BAC0,map_interp_I
0x80092C44,0x8004CF80,map_interp_D
0x80092C5E,0x8004CF60,map_interp_G
0x80092C88,0x8004DB5C,map_interp_F
0x80092CAC,0x8004DB5C,map_interp_F
0x80092CF6,0x8004C600,map_interp_K
0x80092D0C,0x8004BAC0,map_interp_I
0x80092D36,0x8004CF80,map_interp_D
0x80092D4E,0x8004CF60,map_interp_G
0x80092D8C,0x8004DB5C,map_interp_F
0x80092DB0,0x8004DB5C,map_interp_F
0x80092DEE,0x8004C600,map_interp_K
0x80092E06,0x8004CF80,map_interp_D
0x80092E18,0x8004CF60,map_interp_G
0x80092E42,0x8004C600,map_interp_K
0x80092E5A,0x8004CF80,map_interp_D
0x80092E6C,0x8004CF60,map_interp_G
0x80092E80,0x8004DB5C,map_interp_F
0x80092FE6,0x8004C960,interp_2d_B
0x8009300C,0x8004CD40,map_interp_E
0x80093098,0x8004C960,interp_2d_B
0x800934E0,0x8004CF80,map_interp_D
0x80093516,0x8004DB5C,map_interp_F
0x8009354A,0x8004C960,interp_2d_B
0x80093560,0x8004CF80,map_interp_D
0x8009358E,0x8004DB5C,map_interp_F
0x80093986,0x8004E260,map_interp_H
0x80093A44,0x8004C600,map_interp_K
0x80093A5A,0x8004BAC0,map_interp_I
0x80093A86,0x8004CF80,map_interp_D
0x80093AA0,0x8004CF60,map_interp_G
0x80093ADE,0x8004DB5C,map_interp_F
0x80093AFE,0x8004DB5C,map_interp_F
0x80093B4C,0x8004C600,map_interp_K
0x80093B62,0x8004BAC0,map_interp_I
0x80093B8C,0x8004CF80,map_interp_D
0x80093BA6,0x8004CF60,map_interp_G
0x80093BD0,0x8004DB5C,map_interp_F
0x80093BF4,0x8004DB5C,map_interp_F
0x80093C42,0x8004C600,map_interp_K
0x80093C58,0x8004BAC0,map_interp_I
0x80093C82,0x8004CF80,map_interp_D
0x80093C9C,0x8004CF60,map_interp_G
0x80093CC6,0x8004DB5C,map_interp_F
0x80093CEA,0x8004DB5C,map_interp_F
0x80093D34,0x8004C600,map_interp_K
0x80093D4A,0x8004BAC0,map_interp_I
0x80093D76,0x8004CF80,map_interp_D
0x80093D90,0x8004CF60,map_interp_G
0x80093DD2,0x8004DB5C,map_interp_F
0x80093DF4,0x8004DB5C,map_interp_F
0x80093E32,0x8004C600,map_interp_K
0x80093E4A,0x8004CF80,map_interp_D
0x80093E5C,0x8004CF60,map_interp_G
0x80093E86,0x8004C600,map_interp_K
0x80093E9E,0x8004CF80,map_interp_D
0x80093EB0,0x8004CF60,map_interp_G
0x80093EC4,0x8004DB5C,map_interp_F
0x80093FC4,0x8004C600,map_interp_K
0x80093FDA,0x8004BAC0,map_interp_I
0x80094006,0x8004CF80,map_interp_D
0x80094020,0x8004CF60,map_interp_G
0x8009405E,0x8004DB5C,map_interp_F
0x8009407E,0x8004DB5C,map_interp_F
0x800940CC,0x8004C600,map_interp_K
0x800940E2,0x8004BAC0,map_interp_I
0x8009410C,0x8004CF80,map_interp_D
0x80094126,0x8004CF60,map_interp_G
0x80094150,0x8004DB5C,map_interp_F
0x80094174,0x8004DB5C,map_interp_F
0x800941C2,0x8004C600,map_interp_K
0x800941D8,0x8004BAC0,map_interp_I
0x80094202,0x8004CF80,map_interp_D
0x8009421C,0x8004CF60,map_interp_G
0x80094246,0x8004DB5C,map_interp_F
0x8009426A,0x8004DB5C,map_interp_F
0x800942B4,0x8004C600,map_interp_K
0x800942CA,0x8004BAC0,map_interp_I
0x800942F6,0x8004CF80,map_interp_D
0x80094310,0x8004CF60,map_interp_G
0x80094352,0x8004DB5C,map_interp_F
0x80094374,0x8004DB5C,map_interp_F
0x800943B2,0x8004C600,map_interp_K
0x800943CA,0x8004CF80,map_interp_D
0x800943DC,0x8004CF60,map_interp_G
0x80094406,0x8004C600,map_interp_K
0x8009441E,0x8004CF80,map_interp_D
0x80094430,0x8004CF60,map_interp_G
0x80094444,0x8004DB5C,map_interp_F
0x800944C0,0x8004CCA0,map_interp_C
0x80094542,0x8004CCA0,map_interp_C
0x800948F2,0x8004C600,map_interp_K
0x8009490A,0x8004BAC0,map_interp_I
0x80094926,0x8004CF80,map_interp_D
0x8009493C,0x8004CF60,map_interp_G
0x8009494C,0x8004DB5C,map_interp_F
0x80094994,0x8004C600,map_interp_K
0x800949AC,0x8004BAC0,map_interp_I
0x800949C8,0x8004CF80,map_interp_D
0x800949DE,0x8004CF60,map_interp_G
0x800949EE,0x8004DB5C,map_interp_F
0x80094A34,0x8004C600,map_interp_K
0x80094A4C,0x8004BAC0,map_interp_I
0x80094A68,0x8004CF80,map_interp_D
0x80094A7E,0x8004CF60,map_interp_G
0x80094A8E,0x8004DB5C,map_interp_F
0x80094AF6,0x8004CF80,map_interp_D
0x80094B0A,0x8004BAC0,map_interp_I
0x80094B30,0x8004CF80,map_interp_D
0x80094B46,0x8004CF60,map_interp_G
0x80094B5A,0x8004DB5C,map_interp_F
0x80094BA4,0x8004CF80,map_interp_D
0x80094BBC,0x8004BAC0,map_interp_I
0x80094BD8,0x8004CF80,map_interp_D
0x80094BEE,0x8004CF60,map_interp_G
0x80094BFE,0x8004DB5C,map_interp_F
0x80094C46,0x8004CF80,map_interp_D
0x80094C5E,0x8004BAC0,map_interp_I
0x80094C7A,0x8004CF80,map_interp_D
0x80094C90,0x8004CF60,map_interp_G
0x80094CA0,0x8004DB5C,map_interp_F
0x80094E6E,0x8004C600,map_interp_K
0x80094E86,0x8004BAC0,map_interp_I
0x80094EA2,0x8004CF80,map_interp_D
0x80094EB8,0x8004CF60,map_interp_G
0x80094EC8,0x8004DB5C,map_interp_F
0x80094F10,0x8004C600,map_interp_K
0x80094F28,0x8004BAC0,map_interp_I
0x80094F44,0x8004CF80,map_interp_D
0x80094F5A,0x8004CF60,map_interp_G
0x80094F6A,0x8004DB5C,map_interp_F
0x80094FB0,0x8004C600,map_interp_K
0x80094FC8,0x8004BAC0,map_interp_I
0x80094FE4,0x8004CF80,map_interp_D
0x80094FFA,0x8004CF60,map_interp_G
0x8009500A,0x8004DB5C,map_interp_F
0x80095072,0x8004CF80,map_interp_D
0x80095086,0x8004BAC0,map_interp_I
0x800950AC,0x8004CF80,map_interp_D
0x800950C2,0x8004CF60,map_interp_G
0x800950D6,0x8004DB5C,map_interp_F
0x80095120,0x8004CF80,map_interp_D
0x80095138,0x8004BAC0,map_interp_I
0x80095154,0x8004CF80,map_interp_D
0x8009516A,0x8004CF60,map_interp_G
0x8009517A,0x8004DB5C,map_interp_F
0x800951C2,0x8004CF80,map_interp_D
0x800951DA,0x8004BAC0,map_interp_I
0x800951F6,0x8004CF80,map_interp_D
0x8009520C,0x8004CF60,map_interp_G
0x8009521C,0x8004DB5C,map_interp_F
0x8009531A,0x8004C7A0,interp_2d
0x8009534A,0x8004CCA0,map_interp_C
0x80095386,0x8004C7A0,interp_2d
0x800953B8,0x8004CCA0,map_interp_C
0x800953F0,0x8004C7A0,interp_2d
0x8009541E,0x8004CCA0,map_interp_C
0x800954AA,0x8004C960,interp_2d_B
0x800954F8,0x8004C960,interp_2d_B
0x80095550,0x8004CD40,map_interp_E
0x80095680,0x8004CCA0,map_interp_C
0x800956B2,0x8004CD40,map_interp_E
0x80095742,0x8004CD40,map_interp_E
0x80095930,0x8004CCA0,map_interp_C
0x8009596C,0x8004CCA0,map_interp_C
0x8009597E,0x8004CCA0,map_interp_C
0x800959B6,0x8004CCA0,map_interp_C
0x80095F24,0x8004C7A0,interp_2d
0x80095F96,0x8004C7A0,interp_2d
0x80096066,0x8004C7A0,interp_2d
0x8009615E,0x8004CCA0,map_interp_C
0x800961D6,0x8004CCA0,map_interp_C
0x8009628A,0x8004CCA0,map_interp_C
0x80096320,0x8004CCA0,map_interp_C
0x800963C2,0x8004CCA0,map_interp_C
0x80096466,0x8004CCA0,map_interp_C
0x8009650A,0x8004CCA0,map_interp_C
0x80096576,0x8004CCA0,map_interp_C
0x80096A6C,0x8004C960,interp_2d_B
0x80096AAA,0x8004E4E8,map_interp_L
0x80096BAC,0x8004D760,map_interp_O
0x80096BFC,0x8004D760,map_interp_O
0x80096F00,0x8004CD40,map_interp_E
0x8009725C,0x8004C600,map_interp_K
0x80097274,0x8004BAC0,map_interp_I
0x80097294,0x8004CF80,map_interp_D
0x800972AA,0x8004CF60,map_interp_G
0x800972C2,0x8004DB5C,map_interp_F
0x800972F8,0x8004C600,map_interp_K
0x80097310,0x8004BAC0,map_interp_I
0x80097330,0x8004CF80,map_interp_D
0x80097346,0x8004CF60,map_interp_G
0x8009735E,0x8004DB5C,map_interp_F
0x80097392,0x8004C600,map_interp_K
0x800973AA,0x8004BAC0,map_interp_I
0x800973CA,0x8004CF80,map_interp_D
0x800973E0,0x8004CF60,map_interp_G
0x800973F8,0x8004DB5C,map_interp_F
0x80097452,0x8004CF80,map_interp_D
0x80097466,0x8004BAC0,map_interp_I
0x80097490,0x8004CF80,map_interp_D
0x800974A6,0x8004CF60,map_interp_G
0x800974C2,0x8004DB5C,map_interp_F
0x800974FA,0x8004CF80,map_interp_D
0x80097512,0x8004BAC0,map_interp_I
0x80097532,0x8004CF80,map_interp_D
0x80097548,0x8004CF60,map_interp_G
0x80097560,0x8004DB5C,map_interp_F
0x80097596,0x8004CF80,map_interp_D
0x800975AE,0x8004BAC0,map_interp_I
0x800975CE,0x8004CF80,map_interp_D
0x800975E4,0x8004CF60,map_interp_G
0x80097600,0x8004DB5C,map_interp_F
0x80097784,0x8004C600,map_interp_K
0x8009779C,0x8004BAC0,map_interp_I
0x800977BC,0x8004CF80,map_interp_D
0x800977D2,0x8004CF60,map_interp_G
0x800977EA,0x8004DB5C,map_interp_F
0x80097820,0x8004C600,map_interp_K
0x80097838,0x8004BAC0,map_interp_I
0x80097858,0x8004CF80,map_interp_D
0x8009786E,0x8004CF60,map_interp_G
0x80097886,0x8004DB5C,map_interp_F
0x800978BA,0x8004C600,map_interp_K
0x800978D2,0x8004BAC0,map_interp_I
0x800978F2,0x8004CF80,map_interp_D
0x80097908,0x8004CF60,map_interp_G
0x80097920,0x8004DB5C,map_interp_F
0x8009797A,0x8004CF80,map_interp_D
0x8009798E,0x8004BAC0,map_interp_I
0x800979B8,0x8004CF80,map_interp_D
0x800979CE,0x8004CF60,map_interp_G
0x800979EA,0x8004DB5C,map_interp_F
0x80097A22,0x8004CF80,map_interp_D
0x80097A3A,0x8004BAC0,map_interp_I
0x80097A5A,0x8004CF80,map_interp_D
0x80097A70,0x8004CF60,map_interp_G
0x80097A88,0x8004DB5C,map_interp_F
0x80097ABE,0x8004CF80,map_interp_D
0x80097AD6,0x8004BAC0,map_interp_I
0x80097AF6,0x8004CF80,map_interp_D
0x80097B0C,0x8004CF60,map_interp_G
0x80097B28,0x8004DB5C,map_interp_F
0x80097CFC,0x8004E260,map_interp_H
0x80097D06,0x8004E260,map_interp_H
0x80097D16,0x8004E260,map_interp_H
0x80097D20,0x8004E260,map_interp_H
0x80097D32,0x8004E260,map_interp_H
0x80097D3C,0x8004E260,map_interp_H
0x80097D4E,0x8004E260,map_interp_H
0x80097D58,0x8004E260,map_interp_H
0x80097D7C,0x8004E260,map_interp_H
0x80097D8C,0x8004E260,map_interp_H
0x80097DA2,0x8004E260,map_interp_H
0x80097DB0,0x8004E260,map_interp_H
0x80097DC2,0x8004E260,map_interp_H
0x80097DD0,0x8004E260,map_interp_H
0x80097DE2,0x8004E260,map_interp_H
0x80097DF0,0x8004E260,map_interp_H
0x80097E46,0x8004E260,map_interp_H
0x80097E50,0x8004E260,map_interp_H
0x80097E60,0x8004E260,map_interp_H
0x80097E6A,0x8004E260,map_interp_H
0x80097E7C,0x8004E260,map_interp_H
0x80097E86,0x8004E260,map_interp_H
0x80097E98,0x8004E260,map_interp_H
0x80097EA2,0x8004E260,map_interp_H
0x80098006,0x8004E260,map_interp_H
0x80098010,0x8004E260,map_interp_H
0x80098020,0x8004E260,map_interp_H
0x8009802A,0x8004E260,map_interp_H
0x8009803E,0x8004E260,map_interp_H
0x80098048,0x8004E260,map_interp_H
0x8009805A,0x8004E260,map_interp_H
0x80098064,0x8004E260,map_interp_H
0x80098088,0x8004E260,map_interp_H
0x80098098,0x8004E260,map_interp_H
0x800980AE,0x8004E260,map_interp_H
0x800980BC,0x8004E260,map_interp_H
0x800980CE,0x8004E260,map_interp_H
0x800980DC,0x8004E260,map_interp_H
0x800980EE,0x8004E260,map_interp_H
0x800980FC,0x8004E260,map_interp_H
0x80098152,0x8004E260,map_interp_H
0x8009815C,0x8004E260,map_interp_H
0x8009816C,0x8004E260,map_interp_H
0x80098176,0x8004E260,map_interp_H
0x8009818A,0x8004E260,map_interp_H
0x80098194,0x8004E260,map_interp_H
0x800981A6,0x8004E260,map_interp_H
0x800981B0,0x8004E260,map_interp_H
0x80098426,0x8004CCA0,map_interp_C
0x800984D0,0x8004CCA0,map_interp_C
0x8009857C,0x8004CCA0,map_interp_C
0x8009859E,0x8004CCA0,map_interp_C
0x80098FDC,0x8004E260,map_interp_H
0x80098FEA,0x8004E260,map_interp_H
0x80098FFC,0x8004E260,map_interp_H
0x8009900A,0x8004E260,map_interp_H
0x8009901C,0x8004E260,map_interp_H
0x8009902A,0x8004E260,map_interp_H
0x8009903C,0x8004E260,map_interp_H
0x8009904A,0x8004E260,map_interp_H
0x800990F0,0x8004E260,map_interp_H
0x800990FA,0x8004E260,map_interp_H
0x8009910A,0x8004E260,map_interp_H
0x80099114,0x8004E260,map_interp_H
0x80099126,0x8004E260,map_interp_H
0x80099130,0x8004E260,map_interp_H
0x80099142,0x8004E260,map_interp_H
0x8009914C,0x8004E260,map_interp_H
0x800991D4,0x8004E260,map_interp_H
0x800991DE,0x8004E260,map_interp_H
0x8009921A,0x8004E260,map_interp_H
0x80099224,0x8004E260,map_interp_H
0x8009923E,0x8004E260,map_interp_H
0x80099248,0x8004E260,map_interp_H
0x80099260,0x8004E260,map_interp_H
0x8009926A,0x8004E260,map_interp_H
0x80099380,0x8004E260,map_interp_H
0x8009938E,0x8004E260,map_interp_H
0x800993A0,0x8004E260,map_interp_H
0x800993AE,0x8004E260,map_interp_H
0x800993C0,0x8004E260,map_interp_H
0x800993CE,0x8004E260,map_interp_H
0x800993E0,0x8004E260,map_interp_H
0x800993EE,0x8004E260,map_interp_H
0x80099492,0x8004E260,map_interp_H
0x8009949C,0x8004E260,map_interp_H
0x800994B0,0x8004E260,map_interp_H
0x800994BA,0x8004E260,map_interp_H
0x800994CC,0x8004E260,map_interp_H
0x800994D6,0x8004E260,map_interp_H
0x800994E8,0x8004E260,map_interp_H
0x800994F2,0x8004E260,map_interp_H
0x8009957A,0x8004E260,map_interp_H
0x80099584,0x8004E260,map_interp_H
0x800995C0,0x8004E260,map_interp_H
0x800995CA,0x8004E260,map_interp_H
0x800995E4,0x8004E260,map_interp_H
0x800995EE,0x8004E260,map_interp_H
0x80099606,0x8004E260,map_interp_H
0x80099610,0x8004E260,map_interp_H
0x8009968E,0x8004CF80,map_interp_D
0x800996A4,0x8004CF60,map_interp_G
0x800996B8,0x8004DB5C,map_interp_F
0x800996D4,0x8004CF80,map_interp_D
0x800996EA,0x8004CF60,map_interp_G
0x80099700,0x8004DB5C,map_interp_F
0x8009972A,0x8004CF80,map_interp_D
0x80099740,0x8004CF60,map_interp_G
0x80099754,0x8004DB5C,map_interp_F
0x80099770,0x8004CF80,map_interp_D
0x80099786,0x8004CF60,map_interp_G
0x8009979C,0x8004DB5C,map_interp_F
0x800997C4,0x8004CF80,map_interp_D
0x800997DA,0x8004CF60,map_interp_G
0x800997EE,0x8004DB5C,map_interp_F
0x8009980A,0x8004CF80,map_interp_D
0x80099820,0x8004CF60,map_interp_G
0x80099836,0x8004DB5C,map_interp_F
0x8009A0AE,0x8004C7A0,interp_2d
0x8009A0E0,0x8004C7A0,interp_2d
0x8009A202,0x8004CCA0,map_interp_C
0x8009A420,0x8004CD40,map_interp_E
0x8009A440,0x8004E4E8,map_interp_L
0x8009A598,0x8004CF20,map_interp_J
0x8009A8A4,0x8004E260,map_interp_H
0x8009A8B2,0x8004E260,map_interp_H
0x8009A8CE,0x8004CF80,map_interp_D
0x8009A8E6,0x8004CF60,map_interp_G
0x8009A8F8,0x8004DB5C,map_interp_F
0x8009A9BA,0x8004CF80,map_interp_D
0x8009A9CA,0x8004CF60,map_interp_G
0x8009A9DC,0x8004DB5C,map_interp_F
0x8009AA90,0x8004CF80,map_interp_D
0x8009AAA0,0x8004CF60,map_interp_G
0x8009AAAC,0x8004DB5C,map_interp_F
0x8009AABA,0x8004DB5C,map_interp_F
0x8009AB60,0x8004DB5C,map_interp_F
0x8009AB6E,0x8004DB5C,map_interp_F
0x8009AC58,0x8004CD40,map_interp_E
0x8009ACB8,0x8004D760,map_interp_O
0x8009AD22,0x8004D760,map_interp_O
0x8009ADE6,0x8004E4E8,map_interp_L
0x8009ADF8,0x8004E4E8,map_interp_L
0x8009AE10,0x8004D760,map_interp_O
0x8009AE28,0x8004D760,map_interp_O
0x8009AE3A,0x8004E4E8,map_interp_L
0x8009AE58,0x8004E4E8,map_interp_L
0x8009AFF4,0x8004CCA0,map_interp_C
0x8009B032,0x8004E4E8,map_interp_L
0x8009B044,0x8004E4E8,map_interp_L
0x8009B05C,0x8004D760,map_interp_O
0x8009B074,0x8004D760,map_interp_O
0x8009B086,0x8004E4E8,map_interp_L
0x8009B0A0,0x8004E4E8,map_interp_L
0x8009B28E,0x8004CCA0,map_interp_C
0x8009B564,0x8004CF80,map_interp_D
0x8009B5A2,0x8004CF60,map_interp_G
0x8009B630,0x8004CF80,map_interp_D
0x8009B65C,0x8004CF60,map_interp_G
0x8009B6F6,0x8004CD40,map_interp_E
0x8009B7A6,0x8004E4E8,map_interp_L
0x8009B98A,0x8004CCA0,map_interp_C
0x8009BF30,0x8004CF80,map_interp_D
0x8009BF5C,0x8004BAC0,map_interp_I
0x8009D546,0x8004D760,map_interp_O
0x8009DE6C,0x8004D760,map_interp_O
0x8009DEC6,0x8004F46C,map_interp_M
0x8009DFC0,0x8004CD40,map_interp_E
0x8009E4EA,0x8004F46C,map_interp_M
0x8009E512,0x8004CCA0,map_interp_C
0x8009E5B6,0x8004CD40,map_interp_E
0x8009E5D6,0x8004CD40,map_interp_E
0x800A0378,0x8004CDE0,map_interp_N
0x800A03A4,0x8004D760,map_interp_O
0x800A03E8,0x8004CCA0,map_interp_C
0x800A0422,0x8004D760,map_interp_O
0x800A0440,0x8004CDE0,map_interp_N
0x800A046C,0x8004CDE0,map_interp_N
0x800A049A,0x8004CD40,map_interp_E
0x800A0DB0,0x8004CD40,map_interp_E
0x800A1432,0x8004CCA0,map_interp_C
0x800A2820,0x8004C7A0,interp_2d
0x800A2908,0x8004CCA0,map_interp_C
0x800A2964,0x8004CCA0,map_interp_C
0x800A2988,0x8004CCA0,map_interp_C
0x800A2E18,0x8004CCA0,map_interp_C
0x800A2EE2,0x8004CCA0,map_interp_C
0x800A2F06,0x8004CCA0,map_interp_C
0x800A32CA,0x8004F46C,map_interp_M
0x800A492C,0x8004E260,map_interp_H
0x800A494C,0x8004E260,map_interp_H
0x800A49DA,0x8004E4E8,map_interp_L
0x800A5790,0x8004D760,map_interp_O
0x800A57DA,0x8004CD40,map_interp_E
0x800A6B86,0x8004C7A0,interp_2d
0x800AB420,0x8004CCA0,map_interp_C
0x800AD990,0x8004C960,interp_2d_B
0x800ADBA2,0x8004CD40,map_interp_E
0x800ADBCA,0x8004CF80,map_interp_D
0x800ADBDA,0x8004CF60,map_interp_G
0x800ADBF4,0x8004DB5C,map_interp_F
0x800ADC0C,0x8004DB5C,map_interp_F
0x800ADCC8,0x8004CF80,map_interp_D
0x800ADCE2,0x8004CF60,map_interp_G
0x800ADE10,0x8004CCA0,map_interp_C
0x800ADE62,0x8004CCA0,map_interp_C
0x800ADEBE,0x8004F46C,map_interp_M
0x800ADEDA,0x8004CCA0,map_interp_C
0x800ADF12,0x8004CCA0,map_interp_C
0x800ADF32,0x8004CCA0,map_interp_C
0x800ADF58,0x8004C960,interp_2d_B
0x800AE028,0x8004C960,interp_2d_B
0x800AE048,0x8004C7A0,interp_2d
0x800AE078,0x8004C7A0,interp_2d
0x800AE096,0x8004CCA0,map_interp_C
0x800AE0CE,0x8004CF80,map_interp_D
0x800AE0EA,0x8004CF80,map_interp_D
0x800AE0F6,0x8004BAC0,map_interp_I
0x800AE126,0x8004CCA0,map_interp_C
0x800AE142,0x8004CCA0,map_interp_C
0x800AE160,0x8004C960,interp_2d_B
0x800AE18E,0x8004C960,interp_2d_B
0x800AE1A0,0x8004CCA0,map_interp_C
0x800AE594,0x8004CF80,map_interp_D
0x800AE5A2,0x8004CF60,map_interp_G
0x800AE5B2,0x8004DB5C,map_interp_F
0x800AE5C6,0x8004CF60,map_interp_G
0x800AE644,0x8004CF80,map_interp_D
0x800AE6F6,0x8004CCA0,map_interp_C
0x800AE73E,0x8004CCA0,map_interp_C
0x800AE7CA,0x8004CCA0,map_interp_C
0x800AEB38,0x8004CF80,map_interp_D
0x800AEB46,0x8004CF60,map_interp_G
0x800AEB56,0x8004DB5C,map_interp_F
0x800AEEA4,0x8004C7A0,interp_2d
0x800AEEDA,0x8004F46C,map_interp_M
0x800AEF4C,0x8004C960,interp_2d_B
0x800AEF66,0x8004CCA0,map_interp_C
0x800AEFC0,0x8004CDE0,map_interp_N
0x800AF082,0x8004CCA0,map_interp_C
0x800AF0DC,0x8004CCA0,map_interp_C
0x800AF132,0x8004CD40,map_interp_E
0x800AF15A,0x8004CF80,map_interp_D
0x800AF186,0x8004DB5C,map_interp_F
0x800AF19E,0x8004DB5C,map_interp_F
0x800AF1D8,0x8004CCA0,map_interp_C
0x800AFAE4,0x8004CCA0,map_interp_C
0x800AFDE4,0x8004CF80,map_interp_D
0x800AFE0E,0x8004BAC0,map_interp_I
0x800AFE4E,0x8004BAC0,map_interp_I
0x800AFF42,0x8004C7A0,interp_2d
0x800AFFAE,0x8004C7A0,interp_2d
0x800B0394,0x8004C7A0,interp_2d
0x800B0F36,0x8004CF80,map_interp_D
0x800B0F42,0x8004BAC0,map_interp_I
0x800B0F8A,0x8004CF80,map_interp_D
0x800B0FB8,0x8004CF80,map_interp_D
0x800B0FE2,0x8004CF80,map_interp_D
0x800B1000,0x8004CF80,map_interp_D
0x800B100C,0x8004BAC0,map_interp_I
0x800B1068,0x8004CF80,map_interp_D
0x800B1074,0x8004BAC0,map_interp_I
0x800B1332,0x8004CD40,map_interp_E
0x800B134C,0x8004CD40,map_interp_E
0x800B1384,0x8004CD40,map_interp_E
0x800B1658,0x8004CCA0,map_interp_C
0x800B16D8,0x8004CCA0,map_interp_C
0x800B178E,0x8004CCA0,map_interp_C
0x800B1B10,0x8004CCA0,map_interp_C
0x800B1C1C,0x8004E4E8,map_interp_L
0x800B1D12,0x8004E4E8,map_interp_L
0x800B200E,0x8004E4E8,map_interp_L
0x800B389A,0x8004CF80,map_interp_D
0x800B38D4,0x8004CF60,map_interp_G
0x800B38E0,0x8004DB5C,map_interp_F
0x800B3914,0x8004CF60,map_interp_G
0x800B3920,0x8004DB5C,map_interp_F
0x800B395A,0x8004CF60,map_interp_G
0x800B3966,0x8004DB5C,map_interp_F
0x800B3988,0x8004CD40,map_interp_E
0x800B3AA6,0x8004C960,interp_2d_B
0x800B3C44,0x8004CCA0,map_interp_C
0x800B3DC8,0x8004CD40,map_interp_E
0x800B3DDC,0x8004CD40,map_interp_E
0x800B55FA,0x8004C7A0,interp_2d
0x800B5A26,0x8004C7A0,interp_2d
0x800B5A46,0x8004CCA0,map_interp_C
0x800B5A66,0x8004C7A0,interp_2d
0x800B5A96,0x8004C960,interp_2d_B
0x800B5D86,0x8004CDE0,map_interp_N
0x800B5DB4,0x8004CCA0,map_interp_C
0x800B5E60,0x8004CCA0,map_interp_C
0x800B6472,0x8004CCA0,map_interp_C
0x800B650C,0x8004CD40,map_interp_E
0x800B6804,0x8004C600,map_interp_K
0x800B6814,0x8004E260,map_interp_H
0x800B6822,0x8004E260,map_interp_H
0x800B6834,0x8004E260,map_interp_H
0x800B6842,0x8004E260,map_interp_H
0x800B6854,0x8004E260,map_interp_H
0x800B6862,0x8004E260,map_interp_H
0x800B68A2,0x8004C600,map_interp_K
0x800B68B2,0x8004E260,map_interp_H
0x800B68C0,0x8004E260,map_interp_H
0x800B68D2,0x8004E260,map_interp_H
0x800B68E0,0x8004E260,map_interp_H
0x800B68F2,0x8004E260,map_interp_H
0x800B6900,0x8004E260,map_interp_H
0x800B74BE,0x8004CF80,map_interp_D
0x800B74D6,0x8004BAC0,map_interp_I
0x800B74EE,0x8004BAC0,map_interp_I
0x800B75A0,0x8004CF80,map_interp_D
0x800B75AE,0x8004CF60,map_interp_G
0x800B75DA,0x8004CF80,map_interp_D
0x800B75EE,0x8004CF60,map_interp_G
0x800B7602,0x8004DB5C,map_interp_F
0x800B765C,0x8004C7A0,interp_2d
0x800B7680,0x8004C7A0,interp_2d
0x800B769A,0x8004CF80,map_interp_D
0x800B76B2,0x8004BAC0,map_interp_I
0x800B76BE,0x8004CF80,map_interp_D
0x800B76D2,0x8004BAC0,map_interp_I
0x800B7B42,0x8004CCA0,map_interp_C
0x800B7B5A,0x8004CF80,map_interp_D
0x800B7B72,0x8004BAC0,map_interp_I
0x800B7B96,0x8004CCA0,map_interp_C
0x800B7BF8,0x8004CF20,map_interp_J
0x800B7C16,0x8004CF20,map_interp_J
0x800B875C,0x8004CCA0,map_interp_C
0x800B880A,0x8004CCA0,map_interp_C
0x800B8850,0x8004CCA0,map_interp_C
0x800BA17A,0x8004CD40,map_interp_E
0x800BAAAE,0x8004E4E8,map_interp_L
0x800BAB42,0x8004E4E8,map_interp_L
0x800BAC7C,0x8004E4E8,map_interp_L
0x800BB2B2,0x8004CCA0,map_interp_C
0x800BB5BE,0x8004CF20,map_interp_J
0x800BB5D4,0x8004CF80,map_interp_D
0x800BB5F0,0x8004CF60,map_interp_G
0x800BB608,0x8004DB5C,map_interp_F
0x800BB6E2,0x8004CF80,map_interp_D
0x800BB6F8,0x8004CF60,map_interp_G
0x800BB70C,0x8004DB5C,map_interp_F
0x800BB732,0x8004CF80,map_interp_D
0x800BB748,0x8004CF60,map_interp_G
0x800BB75C,0x8004DB5C,map_interp_F
0x800BB782,0x8004CF80,map_interp_D
0x800BB798,0x8004CF60,map_interp_G
0x800BB7AC,0x8004DB5C,map_interp_F
0x800BB892,0x8004CF80,map_interp_D
0x800BB8A8,0x8004CF60,map_interp_G
0x800BB8BC,0x8004DB5C,map_interp_F
0x800BB8E2,0x8004CF80,map_interp_D
0x800BB8F8,0x8004CF60,map_interp_G
0x800BB90C,0x8004DB5C,map_interp_F
0x800BB932,0x8004CF80,map_interp_D
0x800BB948,0x8004CF60,map_interp_G
0x800BB95C,0x8004DB5C,map_interp_F
0x800BBE64,0x8004C960,interp_2d_B
0x800BBF64,0x8004E4E8,map_interp_L
0x800BC95A,0x8004CF80,map_interp_D
0x800BC962,0x8004BAC0,map_interp_I
0x800BCB30,0x8004D760,map_interp_O
0x800BCB56,0x8004CF20,map_interp_J
0x800BCB9A,0x8004CF20,map_interp_J
0x800BCBD0,0x8004CF20,map_interp_J
0x800BCDF2,0x8004CD40,map_interp_E
0x800BCE1A,0x8004CD40,map_interp_E
0x800BCE54,0x8004E4E8,map_interp_L
0x800BCF1A,0x8004CD40,map_interp_E
0x800BCF34,0x8004CD40,map_interp_E
0x800BCF4E,0x8004CD40,map_interp_E
0x800BCFDE,0x8004CD40,map_interp_E
0x800BD03A,0x8004C960,interp_2d_B
0x800BD070,0x8004C960,interp_2d_B
0x800BD0F4,0x8004C960,interp_2d_B
0x800BD12A,0x8004C960,interp_2d_B
0x800BD282,0x8004CD40,map_interp_E
0x800BD498,0x8004CD40,map_interp_E
0x800BDE9E,0x8004CF20,map_interp_J
0x800BDEB8,0x8004CCA0,map_interp_C
0x800BDEEC,0x8004CF80,map_interp_D
0x800BDEFC,0x8004CF60,map_interp_G
0x800BDF0E,0x8004DB5C,map_interp_F
0x800BDF28,0x8004CCA0,map_interp_C
0x800BE8F6,0x8004C7A0,interp_2d
0x800BEFCA,0x8004CD40,map_interp_E
0x800BFBE0,0x8004C960,interp_2d_B
0x800BFC0C,0x8004C7A0,interp_2d
0x800BFC5A,0x8004C960,interp_2d_B
0x800BFC76,0x8004CCA0,map_interp_C
0x800BFCC2,0x8004C7A0,interp_2d
0x800BFD5A,0x8004C7A0,interp_2d
0x800BFE18,0x8004C960,interp_2d_B
0x800BFE58,0x8004CCA0,map_interp_C
0x800C0A20,0x8004CCA0,map_interp_C
0x800C1924,0x8004C600,map_interp_K
0x800C1938,0x8004BAC0,map_interp_I
0x800C1964,0x8004CF80,map_interp_D
0x800C198A,0x8004CF60,map_interp_G
0x800C19CC,0x8004DB5C,map_interp_F
0x800C19EC,0x8004DB5C,map_interp_F
0x800C1A26,0x8004C600,map_interp_K
0x800C1A36,0x8004BAC0,map_interp_I
0x800C1A7A,0x8004CF80,map_interp_D
0x800C1A9C,0x8004CF60,map_interp_G
0x800C1AC2,0x8004C600,map_interp_K
0x800C1AD2,0x8004BAC0,map_interp_I
0x800C1B16,0x8004CF80,map_interp_D
0x800C1B38,0x8004CF60,map_interp_G
0x800C1B5E,0x8004C600,map_interp_K
0x800C1B6E,0x8004BAC0,map_interp_I
0x800C1BB2,0x8004CF80,map_interp_D
0x800C1BD4,0x8004CF60,map_interp_G
0x800C1BF8,0x8004C600,map_interp_K
0x800C1C08,0x8004BAC0,map_interp_I
0x800C1C4C,0x8004CF80,map_interp_D
0x800C1C6E,0x8004CF60,map_interp_G
0x800C1C82,0x8004DB5C,map_interp_F
0x800C1CAE,0x8004CF80,map_interp_D
0x800C1CBE,0x8004BAC0,map_interp_I
0x800C1CDA,0x8004CF80,map_interp_D
0x800C1CF2,0x8004CF60,map_interp_G
0x800C1CFE,0x8004DB5C,map_interp_F
0x800C1D26,0x8004CF80,map_interp_D
0x800C1D36,0x8004BAC0,map_interp_I
0x800C1D52,0x8004CF80,map_interp_D
0x800C1D6A,0x8004CF60,map_interp_G
0x800C1D76,0x8004DB5C,map_interp_F
0x800C1D9E,0x8004CF80,map_interp_D
0x800C1DAE,0x8004BAC0,map_interp_I
0x800C1DCA,0x8004CF80,map_interp_D
0x800C1DE2,0x8004CF60,map_interp_G
0x800C1DEE,0x8004DB5C,map_interp_F
0x800C1E26,0x8004C600,map_interp_K
0x800C1E3A,0x8004BAC0,map_interp_I
0x800C1E56,0x8004CF80,map_interp_D
0x800C1E6E,0x8004CF60,map_interp_G
0x800C1E7A,0x8004DB5C,map_interp_F
0x800C1EA0,0x8004C600,map_interp_K
0x800C1EB4,0x8004BAC0,map_interp_I
0x800C1ED0,0x8004CF80,map_interp_D
0x800C1EE8,0x8004CF60,map_interp_G
0x800C1EF4,0x8004DB5C,map_interp_F
0x800C1F1A,0x8004C600,map_interp_K
0x800C1F2E,0x8004BAC0,map_interp_I
0x800C1F4A,0x8004CF80,map_interp_D
0x800C1F62,0x8004CF60,map_interp_G
0x800C1F6E,0x8004DB5C,map_interp_F
0x800C2296,0x8004CCA0,map_interp_C
0x800C2EA2,0x8004CCA0,map_interp_C
0x800C491A,0x8004CCA0,map_interp_C
0x800C494A,0x8004CCA0,map_interp_C
0x800C4996,0x8004CDE0,map_interp_N
0x800C4AAC,0x8004CCA0,map_interp_C
0x800C4ACA,0x8004CCA0,map_interp_C
0x800C5524,0x8004CCA0,map_interp_C
0x800C566A,0x8004C960,interp_2d_B
0x800C56AE,0x8004CCA0,map_interp_C
0x800C5924,0x8004CCA0,map_interp_C
0x800C594A,0x8004CCA0,map_interp_C
0x800C59DE,0x8004CCA0,map_interp_C
0x800C5A04,0x8004CCA0,map_interp_C
0x800C5A6C,0x8004CCA0,map_interp_C
0x800C5A92,0x8004CCA0,map_interp_C
0x800C5C3E,0x8004CCA0,map_interp_C
0x800C5C6E,0x8004CCA0,map_interp_C
0x800C5C90,0x8004CCA0,map_interp_C
0x800C5CF8,0x8004CCA0,map_interp_C
0x800C5D24,0x8004CCA0,map_interp_C
0x800C5D4A,0x8004CCA0,map_interp_C
0x800C604A,0x8004CD40,map_interp_E
0x800C60D8,0x8004CCA0,map_interp_C
0x800C6154,0x8004CCA0,map_interp_C
0x800C6464,0x8004CCA0,map_interp_C
0x800C66CA,0x8004CD40,map_interp_E
0x800C671C,0x8004CD40,map_interp_E
0x800C69C8,0x8004C960,interp_2d_B
0x800C6A40,0x8004CCA0,map_interp_C
0x800C6BD0,0x8004C960,interp_2d_B
0x800C6C06,0x8004C7A0,interp_2d
0x800C6C30,0x8004C960,interp_2d_B
0x800C6C56,0x8004C960,interp_2d_B
0x800C6C84,0x8004C960,interp_2d_B
0x800C6CB4,0x8004C7A0,interp_2d
0x800C6CFA,0x8004C960,interp_2d_B
0x800C6D5C,0x8004CCA0,map_interp_C
0x800C6D8A,0x8004C7A0,interp_2d
0x800C6DC6,0x8004C960,interp_2d_B
0x800C6DF2,0x8004C7A0,interp_2d
0x800C6E16,0x8004C960,interp_2d_B
0x800C6E3E,0x8004C960,interp_2d_B
0x800C6E6C,0x8004C7A0,interp_2d
0x800C6EC0,0x8004C960,interp_2d_B
0x800C70E8,0x8004CF20,map_interp_J
0x800C7152,0x8004CF20,map_interp_J
0x800C733A,0x8004CF80,map_interp_D
0x800C7374,0x8004C600,map_interp_K
0x800C73C2,0x8004C600,map_interp_K
0x800C851A,0x8004C960,interp_2d_B
0x800C8612,0x8004CDE0,map_interp_N
0x800C9344,0x8004CF80,map_interp_D
0x800C935C,0x8004BAC0,map_interp_I
0x800C93AE,0x8004CCA0,map_interp_C
0x800C94DC,0x8004CCA0,map_interp_C
0x800C95FC,0x8004CCA0,map_interp_C
0x800CAADE,0x8004CCA0,map_interp_C
0x800CB7D2,0x8004CF80,map_interp_D
0x800CB7DE,0x8004BAC0,map_interp_I
0x800CC380,0x8004C960,interp_2d_B
0x800CC43E,0x8004CCA0,map_interp_C
0x800CC4AA,0x8004C7A0,interp_2d
0x800CC4D4,0x8004C7A0,interp_2d
0x800CC514,0x8004C7A0,interp_2d
0x800CC53E,0x8004C7A0,interp_2d
0x800CC57E,0x8004C7A0,interp_2d
0x800CC5A8,0x8004C7A0,interp_2d
0x800CC5E8,0x8004C7A0,interp_2d
0x800CC612,0x8004C7A0,interp_2d
0x800CC652,0x8004C7A0,interp_2d
0x800CC67C,0x8004C7A0,interp_2d
0x800CC6BA,0x8004C7A0,interp_2d
0x800CC6E4,0x8004C7A0,interp_2d
0x800CC720,0x8004C7A0,interp_2d
0x800CC792,0x8004C7A0,interp_2d
0x800CC7DA,0x8004C7A0,interp_2d
0x800CC814,0x8004C7A0,interp_2d
0x800CC852,0x8004F46C,map_interp_M
0x800CC88C,0x8004F46C,map_interp_M
0x800CD050,0x8004CCA0,map_interp_C
0x800CD140,0x8004CCA0,map_interp_C
0x800CD17E,0x8004C7A0,interp_2d
0x800CE910,0x8004CCA0,map_interp_C
0x800CE946,0x8004CD40,map_interp_E
0x800CE97A,0x8004CDE0,map_interp_N
0x800CE9A2,0x8004CCA0,map_interp_C
0x800CE9C0,0x8004CD40,map_interp_E
0x800CE9F0,0x8004CDE0,map_interp_N
0x800CEB32,0x8004CCA0,map_interp_C
0x800CEB4A,0x8004CD40,map_interp_E
0x800CEC28,0x8004CCA0,map_interp_C
0x800CEC40,0x8004CD40,map_interp_E
0x800CF0CC,0x8004C7A0,interp_2d
0x800CF0F8,0x8004CD40,map_interp_E
0x800CF11E,0x8004CD40,map_interp_E
0x800CF1D8,0x8004C960,interp_2d_B
0x800D05B2,0x8004CCA0,map_interp_C
0x800D0DC4,0x8004CCA0,map_interp_C
0x800D0DE4,0x8004CDE0,map_interp_N
0x800D1C52,0x8004CD40,map_interp_E
0x800D26B6,0x8004F46C,map_interp_M
0x800D26F0,0x8004F46C,map_interp_M
0x800D2728,0x8004F46C,map_interp_M
0x800D274A,0x8004F46C,map_interp_M
0x800D27A4,0x8004CF80,map_interp_D
0x800D27DE,0x8004CDE0,map_interp_N
0x800D27FC,0x8004DB5C,map_interp_F
0x800D2820,0x8004CF80,map_interp_D
0x800D284E,0x8004CDE0,map_interp_N
0x800D286C,0x8004DB5C,map_interp_F
0x800D4DE6,0x8004C960,interp_2d_B
0x800D4E0C,0x8004C960,interp_2d_B
0x800D4E28,0x8004CDE0,map_interp_N
0x800D4E4C,0x8004C960,interp_2d_B
0x800D5992,0x8004CCA0,map_interp_C
0x800D5BF6,0x8004CCA0,map_interp_C
0x800D5C10,0x8004CCA0,map_interp_C
0x800D5EE4,0x8004CF20,map_interp_J
0x800D5F54,0x8004C7A0,interp_2d
0x800D61D4,0x8004CCA0,map_interp_C
0x800D6206,0x8004CCA0,map_interp_C
0x800D6262,0x8004CF80,map_interp_D
0x800D62E0,0x8004BAC0,map_interp_I
0x800D6466,0x8004CCA0,map_interp_C
0x800D66A4,0x8004CCA0,map_interp_C
0x800D66BE,0x8004CD40,map_interp_E
0x800D66F2,0x8004C960,interp_2d_B
0x800D6720,0x8004CCA0,map_interp_C
0x800D6748,0x8004CCA0,map_interp_C
0x800D6760,0x8004CD40,map_interp_E
0x800D6784,0x8004C960,interp_2d_B
0x800D679E,0x8004CCA0,map_interp_C
0x800D69D8,0x8004CCA0,map_interp_C
0x800D6A00,0x8004CCA0,map_interp_C
0x800D6A20,0x8004CDE0,map_interp_N
0x800D6A60,0x8004CCA0,map_interp_C
0x800D6A8C,0x8004CCA0,map_interp_C
0x800D6CCA,0x8004CCA0,map_interp_C
0x800D6CFC,0x8004CCA0,map_interp_C
0x800D6DB2,0x8004BAC0,map_interp_I
0x800D6DCA,0x8004BAC0,map_interp_I
0x800D6DEE,0x8004CF80,map_interp_D
0x800DC136,0x8004CCA0,map_interp_C
0x800DC776,0x8004E260,map_interp_H
0x800DC798,0x8004E260,map_interp_H
0x800DCF3A,0x8004CF80,map_interp_D
0x800DCF7A,0x8004DB5C,map_interp_F
0x800DCFA2,0x8004DB5C,map_interp_F
0x800DCFF4,0x8004C7A0,interp_2d
0x800DD02A,0x8004C7A0,interp_2d
0x800DD096,0x8004C7A0,interp_2d
0x800DD0CE,0x8004C7A0,interp_2d
0x800DD238,0x8004C7A0,interp_2d
0x800DD3B4,0x8004CF80,map_interp_D
0x800DD3F4,0x8004DB5C,map_interp_F
0x800DD41C,0x8004DB5C,map_interp_F
0x800DD46E,0x8004C7A0,interp_2d
0x800DD4A4,0x8004C7A0,interp_2d
0x800DD516,0x8004C7A0,interp_2d
0x800DD558,0x8004C7A0,interp_2d
0x800DD65E,0x8004C7A0,interp_2d
0x800DD8A0,0x8004CD40,map_interp_E
0x800DD8FC,0x8004CF20,map_interp_J
0x800DD920,0x8004CCA0,map_interp_C
0x800DD948,0x8004CCA0,map_interp_C
0x800DD974,0x8004CCA0,map_interp_C
0x800DD998,0x8004CCA0,map_interp_C
0x800DD9BC,0x8004CCA0,map_interp_C
0x800DD9E0,0x8004CCA0,map_interp_C
0x800DDA36,0x8004CD40,map_interp_E
0x800DDA4C,0x8004CD40,map_interp_E
0x800DDACE,0x8004CCA0,map_interp_C
0x800DDB04,0x8004CCA0,map_interp_C
0x800DDB38,0x8004CCA0,map_interp_C
0x800DDB6E,0x8004CCA0,map_interp_C
0x800DDBF6,0x8004CF20,map_interp_J
0x800DDE0A,0x8004CCA0,map_interp_C
0x800DDE24,0x8004CCA0,map_interp_C
0x800DDF48,0x8004CCA0,map_interp_C
0x800DDF6E,0x8004CCA0,map_interp_C
0x800DDFA8,0x8004C960,interp_2d_B
0x800DDFC2,0x8004CDE0,map_interp_N
0x800DDFF8,0x8004C7A0,interp_2d
0x800DE1A2,0x8004CF20,map_interp_J
0x800DE1B4,0x8004CF20,map_interp_J
0x800DE298,0x8004E4E8,map_interp_L
0x800DE2B6,0x8004CF20,map_interp_J
0x800DE670,0x8004C7A0,interp_2d
0x800DE6A8,0x8004C7A0,interp_2d
0x800DE6C4,0x8004CCA0,map_interp_C
0x800DE8A0,0x8004CF80,map_interp_D
0x800DE8B0,0x8004BAC0,map_interp_I
0x800DE8C2,0x8004BAC0,map_interp_I
0x800DE8D4,0x8004BAC0,map_interp_I
0x800DE8E6,0x8004BAC0,map_interp_I
0x800DE970,0x8004CF20,map_interp_J
0x800DE996,0x8004CF20,map_interp_J
0x800DE9E6,0x8004CCA0,map_interp_C
0x800DEA5E,0x8004CCA0,map_interp_C
0x800DEB34,0x8004C7A0,interp_2d
0x800DEBB2,0x8004CCA0,map_interp_C
0x800DEF60,0x8004CF80,map_interp_D
0x800DEF7C,0x8004CF60,map_interp_G
0x800DEF88,0x8004DB5C,map_interp_F
0x800DEF9E,0x8004DB5C,map_interp_F
0x800DF018,0x8004C7A0,interp_2d
0x800DFA46,0x8004C600,map_interp_K
0x800DFA56,0x8004E260,map_interp_H
0x800DFA66,0x8004E260,map_interp_H
0x800DFA7C,0x8004E260,map_interp_H
0x800DFA90,0x8004E260,map_interp_H
0x800DFAD2,0x8004C600,map_interp_K
0x800DFAE2,0x8004E260,map_interp_H
0x800DFAF2,0x8004E260,map_interp_H
0x800DFB0A,0x8004E260,map_interp_H
0x800DFB24,0x8004E260,map_interp_H
0x800DFBAA,0x8004CF80,map_interp_D
0x800DFBC2,0x8004CF60,map_interp_G
0x800DFBD4,0x8004DB5C,map_interp_F
0x800DFBEC,0x8004CF80,map_interp_D
0x800DFC04,0x8004CF60,map_interp_G
0x800DFC16,0x8004DB5C,map_interp_F
0x800DFC58,0x8004CF80,map_interp_D
0x800DFC60,0x8004BAC0,map_interp_I
0x800DFC9A,0x8004CF80,map_interp_D
0x800DFCAA,0x8004CF60,map_interp_G
0x800DFCB8,0x8004DB5C,map_interp_F
0x800DFCE2,0x8004C600,map_interp_K
0x800DFCEA,0x8004BAC0,map_interp_I
0x800DFD22,0x8004CF80,map_interp_D
0x800DFD32,0x8004CF60,map_interp_G
0x800DFD40,0x8004DB5C,map_interp_F
0x800DFDE2,0x8004CCA0,map_interp_C
0x800DFEB0,0x8004CF80,map_interp_D
0x800DFEC4,0x8004CF60,map_interp_G
0x800DFED0,0x8004DB5C,map_interp_F
0x800DFEE2,0x8004CF80,map_interp_D
0x800DFEF6,0x8004CF60,map_interp_G
0x800DFF02,0x8004DB5C,map_interp_F
0x800DFF4C,0x8004CF80,map_interp_D
0x800DFF60,0x8004CF60,map_interp_G
0x800DFF6C,0x8004DB5C,map_interp_F
0x800DFF7E,0x8004CF80,map_interp_D
0x800DFF92,0x8004CF60,map_interp_G
0x800DFF9E,0x8004DB5C,map_interp_F
0x800DFFC4,0x8004CF20,map_interp_J
0x800E00D0,0x8004CF80,map_interp_D
0x800E00EA,0x8004CF80,map_interp_D
0x800E00F2,0x8004BAC0,map_interp_I
0x800E0B7C,0x8004CF20,map_interp_J
0x800E0C50,0x8004CF80,map_interp_D
0x800E0D50,0x8004CF60,map_interp_G
0x800E0ECA,0x8004C7A0,interp_2d
0x800E136C,0x8004CF20,map_interp_J
0x800E139C,0x8004CF20,map_interp_J
0x800E1400,0x8004CF80,map_interp_D
0x800E141C,0x8004CF60,map_interp_G
0x800E15F4,0x8004C7A0,interp_2d
0x800E1626,0x8004C7A0,interp_2d
0x800E166C,0x8004C7A0,interp_2d
0x800E16AC,0x8004C7A0,interp_2d
0x800E17A4,0x8004CCA0,map_interp_C
0x800E17BA,0x8004CDE0,map_interp_N
0x800E1B76,0x8004E4E8,map_interp_L
0x800E1D8A,0x8004E4E8,map_interp_L
0x800E1DF2,0x8004E4E8,map_interp_L
0x800E1E22,0x8004E4E8,map_interp_L
0x800E1FC8,0x8004C600,map_interp_K
0x800E1FD8,0x8004E260,map_interp_H
0x800E1FEC,0x8004E260,map_interp_H
0x800E2000,0x8004E260,map_interp_H
0x800E203C,0x8004C600,map_interp_K
0x800E204C,0x8004E260,map_interp_H
0x800E2060,0x8004E260,map_interp_H
0x800E2074,0x8004E260,map_interp_H
0x800E20E0,0x8004C600,map_interp_K
0x800E20F4,0x8004BAC0,map_interp_I
0x800E2122,0x8004CF80,map_interp_D
0x800E2142,0x8004CF60,map_interp_G
0x800E2184,0x8004DB5C,map_interp_F
0x800E21A8,0x8004DB5C,map_interp_F
0x800E228C,0x8004CF80,map_interp_D
0x800E229E,0x8004BAC0,map_interp_I
0x800E22C6,0x8004CF80,map_interp_D
0x800E22E2,0x8004CF60,map_interp_G
0x800E2304,0x8004DB5C,map_interp_F
0x800E2322,0x8004DB5C,map_interp_F
0x800E23C6,0x8004C600,map_interp_K
0x800E23DC,0x8004BAC0,map_interp_I
0x800E2404,0x8004CF80,map_interp_D
0x800E2420,0x8004CF60,map_interp_G
0x800E2444,0x8004DB5C,map_interp_F
0x800E2462,0x8004DB5C,map_interp_F
0x800E25BA,0x8004CCA0,map_interp_C
0x800E267C,0x8004CF80,map_interp_D
0x800E268E,0x8004CF60,map_interp_G
0x800E269A,0x8004DB5C,map_interp_F
0x800E26AC,0x8004C600,map_interp_K
0x800E26BE,0x8004E260,map_interp_H
0x800E270A,0x8004C600,map_interp_K
0x800E2710,0x8004E260,map_interp_H
0x800E2816,0x8004E4E8,map_interp_L
0x800E2864,0x8004C960,interp_2d_B
0x800E28E2,0x8004C7A0,interp_2d
0x800E2916,0x8004CCA0,map_interp_C
0x800E2A30,0x8004C600,map_interp_K
0x800E2A40,0x8004E260,map_interp_H
0x800E2A54,0x8004E260,map_interp_H
0x800E2A68,0x8004E260,map_interp_H
0x800E2AA4,0x8004C600,map_interp_K
0x800E2AB4,0x8004E260,map_interp_H
0x800E2AC8,0x8004E260,map_interp_H
0x800E2ADA,0x8004E260,map_interp_H
0x800E2B3A,0x8004C600,map_interp_K
0x800E2B4C,0x8004BAC0,map_interp_I
0x800E2B7A,0x8004CF80,map_interp_D
0x800E2B9A,0x8004CF60,map_interp_G
0x800E2BD8,0x8004DB5C,map_interp_F
0x800E2BF4,0x8004DB5C,map_interp_F
0x800E2CAA,0x8004CF80,map_interp_D
0x800E2CBE,0x8004BAC0,map_interp_I
0x800E2CE0,0x8004CF80,map_interp_D
0x800E2CF6,0x8004CF60,map_interp_G
0x800E2D18,0x8004DB5C,map_interp_F
0x800E2D2E,0x8004DB5C,map_interp_F
0x800E2DCA,0x8004C600,map_interp_K
0x800E2DDC,0x8004BAC0,map_interp_I
0x800E2DFC,0x8004CF80,map_interp_D
0x800E2E10,0x8004CF60,map_interp_G
0x800E2E32,0x8004DB5C,map_interp_F
0x800E2E48,0x8004DB5C,map_interp_F
0x800E2F98,0x8004CCA0,map_interp_C
0x800E3058,0x8004CF80,map_interp_D
0x800E3066,0x8004CF60,map_interp_G
0x800E306E,0x8004DB5C,map_interp_F
0x800E3082,0x8004C600,map_interp_K
0x800E3094,0x8004E260,map_interp_H
0x800E30E0,0x8004C600,map_interp_K
0x800E30E6,0x8004E260,map_interp_H
0x800E31EC,0x8004E4E8,map_interp_L
0x800E3236,0x8004C960,interp_2d_B
0x800E32B8,0x8004C7A0,interp_2d
0x800E32EC,0x8004CCA0,map_interp_C
0x800E3D12,0x8004CF20,map_interp_J
0x800E3D5A,0x8004C7A0,interp_2d
0x800E3DB0,0x8004C7A0,interp_2d
0x800E3DFE,0x8004C7A0,interp_2d
0x800E3E22,0x8004C7A0,interp_2d
0x800E3E52,0x8004CCA0,map_interp_C
0x800E3E82,0x8004CCA0,map_interp_C
0x800E40A8,0x8004CCA0,map_interp_C
0x800E40D2,0x8004C7A0,interp_2d
0x800E4110,0x8004C7A0,interp_2d
0x800E4146,0x8004C7A0,interp_2d
0x800E4172,0x8004C7A0,interp_2d
0x800E43AC,0x8004CF80,map_interp_D
0x800E43BA,0x8004CF60,map_interp_G
0x800E43CA,0x8004DB5C,map_interp_F
0x800E43EC,0x8004CF60,map_interp_G
0x800E4444,0x8004CD40,map_interp_E
0x800E4470,0x8004CCA0,map_interp_C
0x800E44AE,0x8004CF80,map_interp_D
0x800E44BC,0x8004CF60,map_interp_G
0x800E44C8,0x8004DB5C,map_interp_F
0x800E44E6,0x8004CF60,map_interp_G
0x800E453E,0x8004CD40,map_interp_E
0x800E4562,0x8004CCA0,map_interp_C
0x800E45D0,0x8004CCA0,map_interp_C
0x800E45EC,0x8004CF80,map_interp_D
0x800E45FA,0x8004CF60,map_interp_G
0x800E460A,0x8004DB5C,map_interp_F
0x800E462C,0x8004CF60,map_interp_G
0x800E4684,0x8004CD40,map_interp_E
0x800E46B0,0x8004CCA0,map_interp_C
0x800E4700,0x8004CF80,map_interp_D
0x800E470E,0x8004CF60,map_interp_G
0x800E471E,0x8004DB5C,map_interp_F
0x800E4740,0x8004CF60,map_interp_G
0x800E4798,0x8004CD40,map_interp_E
0x800E47C0,0x8004CCA0,map_interp_C
0x800E4816,0x8004CF80,map_interp_D
0x800E4824,0x8004CF60,map_interp_G
0x800E4834,0x8004DB5C,map_interp_F
0x800E4856,0x8004CF60,map_interp_G
0x800E48AE,0x8004CD40,map_interp_E
0x800E48DA,0x8004CCA0,map_interp_C
0x800E490A,0x8004CF80,map_interp_D
0x800E4918,0x8004CF60,map_interp_G
0x800E4924,0x8004DB5C,map_interp_F
0x800E4942,0x8004CF60,map_interp_G
0x800E499A,0x8004CD40,map_interp_E
0x800E49BE,0x8004CCA0,map_interp_C
0x800E4A32,0x8004CCA0,map_interp_C
0x800E4A4E,0x8004CF80,map_interp_D
0x800E4A5C,0x8004CF60,map_interp_G
0x800E4A6C,0x8004DB5C,map_interp_F
0x800E4A8E,0x8004CF60,map_interp_G
0x800E4AE6,0x8004CD40,map_interp_E
0x800E4B12,0x8004CCA0,map_interp_C
0x800E4B5C,0x8004CCA0,map_interp_C
0x800E4B78,0x8004CF80,map_interp_D
0x800E4B86,0x8004CF60,map_interp_G
0x800E4B96,0x8004DB5C,map_interp_F
0x800E4BB8,0x8004CF60,map_interp_G
0x800E4C10,0x8004CD40,map_interp_E
0x800E4C38,0x8004CCA0,map_interp_C
0x800E4D28,0x8004CCA0,map_interp_C
0x800E4DBA,0x8004CF20,map_interp_J
0x800E4DE8,0x8004CF20,map_interp_J
0x800E5DEA,0x8004CF20,map_interp_J
0x800E5DFE,0x8004CF20,map_interp_J
0x800E5E30,0x8004CF20,map_interp_J
0x800E5E42,0x8004CF20,map_interp_J
0x800E5EC8,0x8004CF80,map_interp_D
0x800E5EDE,0x8004CF60,map_interp_G
0x800E5EF2,0x8004DB5C,map_interp_F
0x800E5F20,0x8004CF80,map_interp_D
0x800E5F36,0x8004CF60,map_interp_G
0x800E5F4A,0x8004DB5C,map_interp_F
0x800E6028,0x8004CCA0,map_interp_C
0x800E604C,0x8004CCA0,map_interp_C
0x800E6076,0x8004CF80,map_interp_D
0x800E608C,0x8004CF60,map_interp_G
0x800E60A2,0x8004CCA0,map_interp_C
0x800E60BC,0x8004DB5C,map_interp_F
0x800E6130,0x8004CF80,map_interp_D
0x800E6146,0x8004CF60,map_interp_G
0x800E615C,0x8004CCA0,map_interp_C
0x800E6174,0x8004DB5C,map_interp_F
0x800E61A4,0x8004CCA0,map_interp_C
0x800E61BC,0x8004DB5C,map_interp_F
0x800E6226,0x8004CCA0,map_interp_C
0x800E677E,0x8004C7A0,interp_2d
0x800E67A0,0x8004C960,interp_2d_B
0x800E6A82,0x8004C7A0,interp_2d
0x800E6AA6,0x8004CCA0,map_interp_C
0x800E6AC4,0x8004C7A0,interp_2d
0x800E6AFA,0x8004C7A0,interp_2d
0x800E6B1E,0x8004CCA0,map_interp_C
0x800E6B3C,0x8004C7A0,interp_2d
0x800E6B58,0x8004CCA0,map_interp_C
0x800E6E9C,0x8004CCA0,map_interp_C
0x800E6EDA,0x8004CCA0,map_interp_C
0x800E6FD0,0x8004CDE0,map_interp_N
0x800E7008,0x8004CDE0,map_interp_N
0x800E713C,0x8004CDE0,map_interp_N
0x800E7174,0x8004CDE0,map_interp_N
0x800E72DA,0x8004CDE0,map_interp_N
0x800E7342,0x8004CDE0,map_interp_N
0x800E73AA,0x8004CDE0,map_interp_N
0x800E7412,0x8004CDE0,map_interp_N
0x800E7D5E,0x8004CF80,map_interp_D
0x800E7D6A,0x8004BAC0,map_interp_I
0x800E7D88,0x8004BAC0,map_interp_I
0x800E8EDA,0x8004C600,map_interp_K
0x800E8EEA,0x8004E260,map_interp_H
0x800E8EFA,0x8004E260,map_interp_H
0x800E8F10,0x8004E260,map_interp_H
0x800E8F24,0x8004E260,map_interp_H
0x800E8F66,0x8004C600,map_interp_K
0x800E8F76,0x8004E260,map_interp_H
0x800E8F86,0x8004E260,map_interp_H
0x800E8F9E,0x8004E260,map_interp_H
0x800E8FB8,0x8004E260,map_interp_H
0x800E9044,0x8004C600,map_interp_K
0x800E9058,0x8004BAC0,map_interp_I
0x800E9084,0x8004CF80,map_interp_D
0x800E90A8,0x8004CF60,map_interp_G
0x800E90EC,0x8004DB5C,map_interp_F
0x800E910A,0x8004DB5C,map_interp_F
0x800E9144,0x8004CF80,map_interp_D
0x800E9160,0x8004CF60,map_interp_G
0x800E9174,0x8004DB5C,map_interp_F
0x800E91CE,0x8004CF80,map_interp_D
0x800E91E0,0x8004BAC0,map_interp_I
0x800E9206,0x8004CF80,map_interp_D
0x800E9220,0x8004CF60,map_interp_G
0x800E924A,0x8004DB5C,map_interp_F
0x800E9262,0x8004DB5C,map_interp_F
0x800E92BA,0x8004C600,map_interp_K
0x800E92CC,0x8004BAC0,map_interp_I
0x800E92F2,0x8004CF80,map_interp_D
0x800E930C,0x8004CF60,map_interp_G
0x800E9336,0x8004DB5C,map_interp_F
0x800E934E,0x8004DB5C,map_interp_F
0x800E9418,0x8004CCA0,map_interp_C
0x800E95E0,0x8004CF20,map_interp_J
0x800E960E,0x8004C7A0,interp_2d
0x800E96A8,0x8004E4E8,map_interp_L
0x800E96F6,0x8004C960,interp_2d_B
0x800E97D2,0x8004CCA0,map_interp_C
0x800E97F6,0x8004CCA0,map_interp_C
0x800E986C,0x8004C7A0,interp_2d
0x800E9A08,0x8004C7A0,interp_2d
0x800E9A4A,0x8004C7A0,interp_2d
0x800E9A78,0x8004C7A0,interp_2d
0x800E9AA4,0x8004C7A0,interp_2d
0x800E9ABC,0x8004CCA0,map_interp_C
0x800E9AEA,0x8004C7A0,interp_2d
0x800E9B02,0x8004CCA0,map_interp_C
0x800E9DA0,0x8004C7A0,interp_2d
0x800E9DF8,0x8004C7A0,interp_2d
0x800E9E22,0x8004C7A0,interp_2d
0x800E9E52,0x8004C7A0,interp_2d
0x800E9E6A,0x8004CCA0,map_interp_C
0x800E9E8C,0x8004C7A0,interp_2d
0x800E9EA4,0x8004CCA0,map_interp_C
0x800E9ED0,0x8004C7A0,interp_2d
0x800E9EF4,0x8004C7A0,interp_2d
0x800EA0D0,0x8004CCA0,map_interp_C
0x800EA0F6,0x8004C7A0,interp_2d
0x800EA592,0x8004CCA0,map_interp_C
0x800EA644,0x8004C7A0,interp_2d
0x800EA66A,0x8004C7A0,interp_2d
0x800EA720,0x8004CCA0,map_interp_C
0x800EABDE,0x8004CCA0,map_interp_C
0x800EAC18,0x8004C7A0,interp_2d
0x800EB192,0x8004CCA0,map_interp_C
0x800EB1AC,0x8004CCA0,map_interp_C
0x800EB232,0x8004CCA0,map_interp_C
0x800EB274,0x8004CCA0,map_interp_C
0x800EB290,0x8004CCA0,map_interp_C
0x800EB2B6,0x8004CCA0,map_interp_C
0x800EB2D2,0x8004CCA0,map_interp_C
0x800EB962,0x8004CD40,map_interp_E
0x800EBA3E,0x8004CDE0,map_interp_N
0x800EBAD4,0x8004C600,map_interp_K
0x800EBD7C,0x8004CD40,map_interp_E
0x800EBFBE,0x8004CCA0,map_interp_C
0x800EC120,0x8004C7A0,interp_2d
0x800EC152,0x8004C7A0,interp_2d
0x800EC198,0x8004C7A0,interp_2d
0x800EC1D8,0x8004C7A0,interp_2d
0x800EC1FA,0x8004CF80,map_interp_D
0x800EC212,0x8004CF60,map_interp_G
0x800EC21E,0x8004DB5C,map_interp_F
0x800EC250,0x8004DB5C,map_interp_F
0x800ED078,0x8004CF20,map_interp_J
0x800ED08C,0x8004CF20,map_interp_J
0x800ED0BA,0x8004CF20,map_interp_J
0x800ED0CC,0x8004CF20,map_interp_J
0x800ED170,0x8004C7A0,interp_2d
0x800ED1C2,0x8004CCA0,map_interp_C
0x800ED208,0x8004C7A0,interp_2d
0x800ED376,0x8004CF20,map_interp_J
0x800ED3CA,0x8004CF20,map_interp_J
0x800ED3E2,0x8004CF20,map_interp_J
0x800ED996,0x8004CDE0,map_interp_N
0x800EDA16,0x8004CDE0,map_interp_N
0x800EDAEE,0x8004CCA0,map_interp_C
0x800EDB3A,0x8004CD40,map_interp_E
0x800EDB94,0x8004CCA0,map_interp_C
0x800EDCA2,0x8004C7A0,interp_2d
0x800EDCC6,0x8004C7A0,interp_2d
0x800EE014,0x8004CCA0,map_interp_C
0x800EE0F6,0x8004C7A0,interp_2d
0x800EE252,0x8004CCA0,map_interp_C
0x800EE29E,0x8004CD40,map_interp_E
0x800EE2F8,0x8004CCA0,map_interp_C
0x800EE394,0x8004CCA0,map_interp_C
0x800EE3C2,0x8004CCA0,map_interp_C
0x800EE3DE,0x8004CCA0,map_interp_C
0x800EE440,0x8004CCA0,map_interp_C
0x800EE48C,0x8004CD40,map_interp_E
0x800EE4E6,0x8004CCA0,map_interp_C
0x800EE582,0x8004CCA0,map_interp_C
0x800EE5B0,0x8004CCA0,map_interp_C
0x800EE5CC,0x8004CCA0,map_interp_C
0x800EE626,0x8004CCA0,map_interp_C
0x800EEAB0,0x8004CCA0,map_interp_C
0x800EEB7C,0x8004CDE0,map_interp_N
0x800EEBA6,0x8004C7A0,interp_2d
0x800EEC2A,0x8004CCA0,map_interp_C
0x800EEC84,0x8004CCA0,map_interp_C
0x800EED3A,0x8004C7A0,interp_2d
0x800EED7E,0x8004CCA0,map_interp_C
0x800EEF08,0x8004C7A0,interp_2d
0x800EEF84,0x8004CDE0,map_interp_N
0x800EF718,0x8004C7A0,interp_2d
0x800EFFB4,0x8004CCA0,map_interp_C
0x800F00D4,0x8004C960,interp_2d_B
0x800F010C,0x8004C7A0,interp_2d
0x800F01FA,0x8004CCA0,map_interp_C
0x800F0276,0x8004CF80,map_interp_D
0x800F0286,0x8004CF60,map_interp_G
0x800F029A,0x8004DB5C,map_interp_F
0x800F02AE,0x8004DB5C,map_interp_F
0x800F02F4,0x8004CCA0,map_interp_C
0x800F033E,0x8004CF80,map_interp_D
0x800F034E,0x8004CF60,map_interp_G
0x800F0366,0x8004DB5C,map_interp_F
0x800F0376,0x8004DB5C,map_interp_F
0x800F03C4,0x8004C7A0,interp_2d
0x800F03F6,0x8004C7A0,interp_2d
0x800F04A4,0x8004C7A0,interp_2d
0x800F054C,0x8004CF80,map_interp_D
0x800F0560,0x8004CF60,map_interp_G
0x800F056C,0x8004DB5C,map_interp_F
0x800F057C,0x8004DB5C,map_interp_F
0x800F05A6,0x8004C7A0,interp_2d
0x800F0642,0x8004CF80,map_interp_D
0x800F0652,0x8004CF60,map_interp_G
0x800F065E,0x8004DB5C,map_interp_F
0x800F067C,0x8004DB5C,map_interp_F
0x800F0694,0x8004CF60,map_interp_G
0x800F06A0,0x8004DB5C,map_interp_F
0x800F07B4,0x8004CCA0,map_interp_C
0x800F07EC,0x8004CCA0,map_interp_C
0x800F0B16,0x8004C7A0,interp_2d
0x800F0B32,0x8004C7A0,interp_2d
0x800F0BCE,0x8004C7A0,interp_2d
0x800F0C36,0x8004CF20,map_interp_J
0x800F0C6C,0x8004CF80,map_interp_D
0x800F0CAE,0x8004DB5C,map_interp_F
0x800F0CD0,0x8004DB5C,map_interp_F
0x800F0CF8,0x8004DB5C,map_interp_F
0x800F0D1A,0x8004DB5C,map_interp_F
0x800F0D5C,0x8004DB5C,map_interp_F
0x800F0D7E,0x8004DB5C,map_interp_F
0x800F0DA6,0x8004DB5C,map_interp_F
0x800F0DC6,0x8004DB5C,map_interp_F
0x800F14C0,0x8004C600,map_interp_K
0x800F14D0,0x8004E260,map_interp_H
0x800F14E0,0x8004E260,map_interp_H
0x800F14F6,0x8004E260,map_interp_H
0x800F150A,0x8004E260,map_interp_H
0x800F151E,0x8004E260,map_interp_H
0x800F1568,0x8004C600,map_interp_K
0x800F1578,0x8004E260,map_interp_H
0x800F1588,0x8004E260,map_interp_H
0x800F15A0,0x8004E260,map_interp_H
0x800F15BA,0x8004E260,map_interp_H
0x800F15D4,0x8004E260,map_interp_H
0x800F166A,0x8004C600,map_interp_K
0x800F167E,0x8004BAC0,map_interp_I
0x800F16BA,0x8004CF80,map_interp_D
0x800F16DA,0x8004CF60,map_interp_G
0x800F16FE,0x8004DB5C,map_interp_F
0x800F1710,0x8004DB5C,map_interp_F
0x800F1740,0x8004C600,map_interp_K
0x800F1750,0x8004BAC0,map_interp_I
0x800F176E,0x8004CF80,map_interp_D
0x800F178A,0x8004CF60,map_interp_G
0x800F1796,0x8004DB5C,map_interp_F
0x800F17A8,0x8004DB5C,map_interp_F
0x800F181E,0x8004CF80,map_interp_D
0x800F1830,0x8004BAC0,map_interp_I
0x800F185C,0x8004CF80,map_interp_D
0x800F1874,0x8004CF60,map_interp_G
0x800F1896,0x8004DB5C,map_interp_F
0x800F18A8,0x8004DB5C,map_interp_F
0x800F18FE,0x8004C600,map_interp_K
0x800F1910,0x8004BAC0,map_interp_I
0x800F193C,0x8004CF80,map_interp_D
0x800F1954,0x8004CF60,map_interp_G
0x800F1976,0x8004DB5C,map_interp_F
0x800F1988,0x8004DB5C,map_interp_F
0x800F19DC,0x8004CF80,map_interp_D
0x800F19F2,0x8004CF60,map_interp_G
0x800F1A04,0x8004DB5C,map_interp_F
0x800F1A2E,0x8004CF80,map_interp_D
0x800F1A46,0x8004CF60,map_interp_G
0x800F1A68,0x8004DB5C,map_interp_F
0x800F1A7A,0x8004DB5C,map_interp_F
0x800F1B90,0x8004CD40,map_interp_E
0x800F1BD0,0x8004CCA0,map_interp_C
0x800F1BEE,0x8004CCA0,map_interp_C
0x800F1C8C,0x8004CCA0,map_interp_C
0x800F1CF6,0x8004CCA0,map_interp_C
0x800F1D46,0x8004C960,interp_2d_B
0x800F1D68,0x8004C7A0,interp_2d
0x800F1DE4,0x8004CCA0,map_interp_C
0x800F1E54,0x8004CCA0,map_interp_C
0x800F2134,0x8004C7A0,interp_2d
0x800F2156,0x8004CF20,map_interp_J
0x800F21B6,0x8004CCA0,map_interp_C
0x800F2B00,0x8004CCA0,map_interp_C
0x800F3240,0x8004CCA0,map_interp_C
0x800F3292,0x8004CCA0,map_interp_C
0x800F32C2,0x8004CCA0,map_interp_C
0x800F335A,0x8004CCA0,map_interp_C
0x800F3388,0x8004CCA0,map_interp_C
0x800F33DA,0x8004CCA0,map_interp_C
0x800F3B0C,0x8004CCA0,map_interp_C
0x800F3ED0,0x8004CDE0,map_interp_N
0x800F4638,0x8004CCA0,map_interp_C
0x800F47BC,0x8004CCA0,map_interp_C
0x800F48F4,0x8004C7A0,interp_2d
0x800F4BA8,0x8004C960,interp_2d_B
0x800F5068,0x8004C7A0,interp_2d
0x800F50E2,0x8004C7A0,interp_2d
0x800F5114,0x8004C7A0,interp_2d
0x800F515A,0x8004C7A0,interp_2d
0x800F519A,0x8004C7A0,interp_2d
0x800F528C,0x8004CF80,map_interp_D
0x800F52B2,0x8004DB5C,map_interp_F
0x800F535C,0x8004DB5C,map_interp_F
0x800F5378,0x8004DB5C,map_interp_F
0x800F572C,0x8004C600,map_interp_K
0x800F573C,0x8004E260,map_interp_H
0x800F5750,0x8004E260,map_interp_H
0x800F5764,0x8004E260,map_interp_H
0x800F5778,0x8004E260,map_interp_H
0x800F57B6,0x8004C600,map_interp_K
0x800F57C6,0x8004E260,map_interp_H
0x800F57DA,0x8004E260,map_interp_H
0x800F57EE,0x8004E260,map_interp_H
0x800F5802,0x8004E260,map_interp_H
0x800F5876,0x8004C600,map_interp_K
0x800F588A,0x8004BAC0,map_interp_I
0x800F58B8,0x8004CF80,map_interp_D
0x800F58D8,0x8004CF60,map_interp_G
0x800F591A,0x8004DB5C,map_interp_F
0x800F593E,0x8004DB5C,map_interp_F
0x800F5A34,0x8004CF80,map_interp_D
0x800F5A46,0x8004BAC0,map_interp_I
0x800F5A6E,0x8004CF80,map_interp_D
0x800F5A8A,0x8004CF60,map_interp_G
0x800F5AB0,0x8004DB5C,map_interp_F
0x800F5ACE,0x8004DB5C,map_interp_F
0x800F5B70,0x8004C600,map_interp_K
0x800F5B86,0x8004BAC0,map_interp_I
0x800F5BAE,0x8004CF80,map_interp_D
0x800F5BCA,0x8004CF60,map_interp_G
0x800F5BF0,0x8004DB5C,map_interp_F
0x800F5C10,0x8004DB5C,map_interp_F
0x800F5CB0,0x8004CF80,map_interp_D
0x800F5CCE,0x8004CF60,map_interp_G
0x800F5CE4,0x8004DB5C,map_interp_F
0x800F5D0C,0x8004CF80,map_interp_D
0x800F5D28,0x8004CF60,map_interp_G
0x800F5D4E,0x8004DB5C,map_interp_F
0x800F5D6E,0x8004DB5C,map_interp_F
0x800F5E84,0x8004C7A0,interp_2d
0x800F5F92,0x8004C7A0,interp_2d
0x800F6138,0x8004CF20,map_interp_J
0x800F6168,0x8004C7A0,interp_2d
0x800F6186,0x8004C7A0,interp_2d
0x800F61FE,0x8004C7A0,interp_2d
0x800F6392,0x8004C7A0,interp_2d
0x800F63C0,0x8004C7A0,interp_2d
0x800F6500,0x8004CF20,map_interp_J
0x800F651A,0x8004CD40,map_interp_E
0x800F652E,0x8004CD40,map_interp_E
0x800F6544,0x8004CD40,map_interp_E
0x800F6560,0x8004CCA0,map_interp_C
0x800F6A4A,0x8004CCA0,map_interp_C
0x800F6D36,0x8004CCA0,map_interp_C
0x800F6E42,0x8004CCA0,map_interp_C
0x800F6F60,0x8004CCA0,map_interp_C
0x800F707E,0x8004CCA0,map_interp_C
0x800F7866,0x8004CCA0,map_interp_C
0x800F8656,0x8004CCA0,map_interp_C
0x800F872A,0x8004C7A0,interp_2d
0x800F8808,0x8004CF20,map_interp_J
0x800F882A,0x8004CF80,map_interp_D
0x800F8864,0x8004CF80,map_interp_D
0x800F890C,0x8004CF80,map_interp_D
0x800F8928,0x8004BAC0,map_interp_I
0x800F893A,0x8004BAC0,map_interp_I
0x800F8D5E,0x8004CF20,map_interp_J
0x800F8D86,0x8004CF80,map_interp_D
0x800F8D96,0x8004BAC0,map_interp_I
0x800F8DB8,0x8004BAC0,map_interp_I
0x800F8F0A,0x8004CCA0,map_interp_C
0x800F8FA4,0x8004CCA0,map_interp_C
0x800F915A,0x8004C7A0,interp_2d
0x800F91F4,0x8004C7A0,interp_2d
0x800F94D4,0x8004CF20,map_interp_J
0x800F94E4,0x8004CF20,map_interp_J
0x800F953A,0x8004C7A0,interp_2d
0x800F9580,0x8004CF20,map_interp_J
0x800F95A0,0x8004CF80,map_interp_D
0x800F95B4,0x8004BAC0,map_interp_I
0x800F95D4,0x8004BAC0,map_interp_I
0x800F95F4,0x8004BAC0,map_interp_I
0x800F9614,0x8004BAC0,map_interp_I
0x800F97D8,0x8004C7A0,interp_2d
0x800F9814,0x8004C7A0,interp_2d
0x800F9832,0x8004C7A0,interp_2d
0x800F98A0,0x8004CDE0,map_interp_N
0x800F99D0,0x8004C7A0,interp_2d
0x800F9F56,0x8004CCA0,map_interp_C
0x800FA20A,0x8004CCA0,map_interp_C
0x800FA3F0,0x8004CD40,map_interp_E
0x800FA508,0x8004CCA0,map_interp_C
0x800FA7D0,0x8004CDE0,map_interp_N
0x800FA818,0x8004CCA0,map_interp_C
0x800FA854,0x8004CCA0,map_interp_C
0x800FA894,0x8004CCA0,map_interp_C
0x800FA92E,0x8004C960,interp_2d_B
0x800FAAF2,0x8004CD40,map_interp_E
0x800FAEF2,0x8004CCA0,map_interp_C
0x800FAF56,0x8004CCA0,map_interp_C
0x800FB00C,0x8004C7A0,interp_2d
0x800FB01A,0x8004CF80,map_interp_D
0x800FB032,0x8004CF60,map_interp_G
0x800FB042,0x8004DB5C,map_interp_F
0x800FB054,0x8004DB5C,map_interp_F
0x800FB0E4,0x8004C7A0,interp_2d
0x800FB0F8,0x8004CDE0,map_interp_N
0x800FB4CC,0x8004C7A0,interp_2d
0x800FBBA2,0x8004CCA0,map_interp_C
0x800FBC4E,0x8004CCA0,map_interp_C
0x800FBDDC,0x8004C7A0,interp_2d
0x800FBE62,0x8004CCA0,map_interp_C
0x800FC024,0x8004CCA0,map_interp_C
0x800FC052,0x8004C7A0,interp_2d
0x800FC09A,0x8004CCA0,map_interp_C
0x800FC0FC,0x8004CCA0,map_interp_C
0x800FC11E,0x8004CCA0,map_interp_C
0x800FC1B4,0x8004C7A0,interp_2d
0x800FC25A,0x8004CCA0,map_interp_C
0x800FC2A6,0x8004C7A0,interp_2d
0x800FC2C8,0x8004CCA0,map_interp_C
0x800FC2F6,0x8004CCA0,map_interp_C
0x800FC314,0x8004CCA0,map_interp_C
0x800FC3BE,0x8004CDE0,map_interp_N
0x800FC4FE,0x8004C7A0,interp_2d
0x800FC84A,0x8004CCA0,map_interp_C
0x800FC894,0x8004CCA0,map_interp_C
0x800FD832,0x8004C7A0,interp_2d
0x800FD86C,0x8004C7A0,interp_2d
0x800FD890,0x8004C600,map_interp_K
0x800FF0BE,0x8004CF20,map_interp_J
0x800FFB58,0x8004C960,interp_2d_B
0x800FFB84,0x8004C960,interp_2d_B
0x80100590,0x8004CCA0,map_interp_C
0x80100688,0x8004C600,map_interp_K
0x80100730,0x8004C7A0,interp_2d
0x801007FE,0x8004CF20,map_interp_J
0x80100824,0x8004CF80,map_interp_D
0x80100838,0x8004CF60,map_interp_G
0x8010084E,0x8004DB5C,map_interp_F
0x80100910,0x8004CF20,map_interp_J
0x80100946,0x8004CF20,map_interp_J
0x801009B4,0x8004CF80,map_interp_D
0x801009C2,0x8004CF60,map_interp_G
0x801009DA,0x8004DB5C,map_interp_F
0x801009FA,0x8004CF80,map_interp_D
0x80100A08,0x8004CF60,map_interp_G
0x80100A24,0x8004DB5C,map_interp_F
0x80100A7C,0x8004CF80,map_interp_D
0x80100A92,0x8004BAC0,map_interp_I
0x80100ACE,0x8004CF80,map_interp_D
0x80100ADE,0x8004CF60,map_interp_G
0x80100AE8,0x8004DB5C,map_interp_F
0x8010125A,0x8004CF80,map_interp_D
0x801013F0,0x8004CF20,map_interp_J
0x80103272,0x8004CF20,map_interp_J
0x801032F2,0x8004C7A0,interp_2d
0x80103466,0x8004CCA0,map_interp_C
0x8010352C,0x8004CCA0,map_interp_C
0x8010354A,0x8004CCA0,map_interp_C
0x8010356C,0x8004CCA0,map_interp_C
0x80103582,0x8004CCA0,map_interp_C
0x80103B9C,0x8004CD40,map_interp_E
0x80103C64,0x8004CCA0,map_interp_C
0x80103CEC,0x8004CDE0,map_interp_N
0x80103D8C,0x8004CDE0,map_interp_N
0x80103E54,0x8004C960,interp_2d_B
0x80104034,0x8004CD40,map_interp_E
0x80104066,0x8004CD40,map_interp_E
0x80104930,0x8004CDE0,map_interp_N
0x8010498E,0x8004C960,interp_2d_B
0x80104A4A,0x8004C960,interp_2d_B
0x80104E76,0x8004CCA0,map_interp_C
0x8010548E,0x8004CCA0,map_interp_C
0x80105574,0x8004C7A0,interp_2d
0x801055DA,0x8004C7A0,interp_2d
0x80105626,0x8004CF80,map_interp_D
0x8010563A,0x8004CF60,map_interp_G
0x80105658,0x8004DB5C,map_interp_F
0x801056A4,0x8004CF80,map_interp_D
0x801056B8,0x8004CF60,map_interp_G
0x801056D6,0x8004DB5C,map_interp_F
0x801059F6,0x8004CCA0,map_interp_C
0x80105D1A,0x8004CCA0,map_interp_C
0x80105DE2,0x8004C7A0,interp_2d
0x80105E1E,0x8004C7A0,interp_2d
0x80105F66,0x8004C7A0,interp_2d
0x80105F84,0x8004CD40,map_interp_E
0x80105FE4,0x8004CD40,map_interp_E
0x801060C6,0x8004CCA0,map_interp_C
0x801061B8,0x8004CF80,map_interp_D
0x801061D0,0x8004BAC0,map_interp_I
0x80106320,0x8004C600,map_interp_K
0x80106344,0x8004DB5C,map_interp_F
0x801064B8,0x8004CD40,map_interp_E
0x8010659A,0x8004CF20,map_interp_J
0x801065F8,0x8004C7A0,interp_2d
0x8010662A,0x8004C7A0,interp_2d
0x8010665C,0x8004C7A0,interp_2d
0x8010668C,0x8004C7A0,interp_2d
0x801066CE,0x8004C960,interp_2d_B
0x8010681A,0x8004C960,interp_2d_B
0x801068F0,0x8004CCA0,map_interp_C
0x8010695E,0x8004CCA0,map_interp_C
0x801069CC,0x8004CCA0,map_interp_C
0x80106A3A,0x8004CCA0,map_interp_C
0x80106E84,0x8004CD40,map_interp_E
0x80106EDE,0x8004CD40,map_interp_E
0x801077FA,0x8004C600,map_interp_K
0x80107ACC,0x8004CF80,map_interp_D
0x80107AD8,0x8004BAC0,map_interp_I
0x80107AEA,0x8004CF80,map_interp_D
0x80107AF6,0x8004BAC0,map_interp_I
0x80107D9C,0x8004CCA0,map_interp_C
0x80107DF6,0x8004CCA0,map_interp_C
0x80107E2A,0x8004CCA0,map_interp_C
0x80108714,0x8004CD40,map_interp_E
0x8010938C,0x8004CD40,map_interp_E
0x801093A6,0x8004CD40,map_interp_E
0x8010993A,0x8004CCA0,map_interp_C
0x801099F6,0x8004CCA0,map_interp_C
0x80109A12,0x8004CD40,map_interp_E
0x80109B36,0x8004CCA0,map_interp_C
0x8010B35A,0x8004CD40,map_interp_E
0x8010B39E,0x8004CCA0,map_interp_C
0x8010BD48,0x8004C600,map_interp_K
0x8010EAC4,0x8004CD40,map_interp_E
0x8010EB32,0x8004CD40,map_interp_E
0x8010EBBA,0x8004CCA0,map_interp_C
0x8010EC80,0x8004CD40,map_interp_E
0x8010ED1A,0x8004CD40,map_interp_E
0x8010F1E6,0x8004CCA0,map_interp_C
0x8010F244,0x8004C600,map_interp_K
0x8010F2D2,0x8004CCA0,map_interp_C
0x8010F34C,0x8004C7A0,interp_2d
0x8010F366,0x8004CCA0,map_interp_C
0x8010F488,0x8004CF20,map_interp_J
0x8010FB88,0x8004CF80,map_interp_D
0x8010FB94,0x8004BAC0,map_interp_I
0x8010FBF6,0x8004CF80,map_interp_D
0x8010FBFE,0x8004BAC0,map_interp_I
0x8010FED6,0x8004C960,interp_2d_B
0x80110DCE,0x8004CF80,map_interp_D
0x80110DE2,0x8004BAC0,map_interp_I
0x80111108,0x8004CF20,map_interp_J
0x8011113C,0x8004CF20,map_interp_J
0x80111184,0x8004CF20,map_interp_J
0x801111A6,0x8004E4E8,map_interp_L
0x80111202,0x8004CF20,map_interp_J
0x80111356,0x8004E4E8,map_interp_L
0x80111B3E,0x8004E4E8,map_interp_L
0x80111FEA,0x8004C7A0,interp_2d
0x801120EC,0x8004C7A0,interp_2d
0x801121FE,0x8004C7A0,interp_2d
0x8011227E,0x8004C7A0,interp_2d
0x80112294,0x8004C7A0,interp_2d
0x801122D0,0x8004C7A0,interp_2d
0x801122E6,0x8004C7A0,interp_2d
0x80112356,0x8004C7A0,interp_2d
0x80112378,0x8004CD40,map_interp_E
0x801123BE,0x8004CF80,map_interp_D
0x801123D0,0x8004CF60,map_interp_G
0x801123DC,0x8004DB5C,map_interp_F
0x801123EA,0x8004DB5C,map_interp_F
0x80112420,0x8004CCA0,map_interp_C
0x80112448,0x8004E4E8,map_interp_L
0x8011246C,0x8004CD40,map_interp_E
0x80112490,0x8004CF80,map_interp_D
0x8011249A,0x8004CF60,map_interp_G
0x801124A6,0x8004DB5C,map_interp_F
0x801124B4,0x8004DB5C,map_interp_F
0x801124E0,0x8004CCA0,map_interp_C
0x8011250A,0x8004E4E8,map_interp_L
0x80112530,0x8004CD40,map_interp_E
0x801125BC,0x8004CCA0,map_interp_C
0x801125E6,0x8004CCA0,map_interp_C
0x80112610,0x8004CCA0,map_interp_C
0x8011263C,0x8004CCA0,map_interp_C
0x80112676,0x8004C7A0,interp_2d
0x801126A0,0x8004C7A0,interp_2d
0x801127AE,0x8004C7A0,interp_2d
0x80112856,0x8004C7A0,interp_2d
0x80112880,0x8004CCA0,map_interp_C
0x8011291A,0x8004CCA0,map_interp_C
0x801129E4,0x8004CCA0,map_interp_C
0x80112A74,0x8004CF80,map_interp_D
0x80112A8E,0x8004CF60,map_interp_G
0x80112AA0,0x8004DB5C,map_interp_F
0x80112C3A,0x8004D760,map_interp_O
0x80112CCA,0x8004CCA0,map_interp_C
0x80113476,0x8004CF80,map_interp_D
0x801134B4,0x8004BAC0,map_interp_I
0x801134E4,0x8004BAC0,map_interp_I
0x801135FE,0x8004CCA0,map_interp_C
0x80114B3C,0x8004CCA0,map_interp_C
0x80115454,0x8004C7A0,interp_2d
0x80115BC2,0x8004CD40,map_interp_E
0x8011639A,0x8004C960,interp_2d_B
0x80116446,0x8004CDE0,map_interp_N
0x80116564,0x8004CF80,map_interp_D
0x8011658A,0x8004BAC0,map_interp_I
0x8011659C,0x8004CF80,map_interp_D
0x801165B6,0x8004BAC0,map_interp_I
0x80116C40,0x8004F46C,map_interp_M
0x80116C78,0x8004D760,map_interp_O
0x80116C8E,0x8004CD40,map_interp_E
0x80116CAE,0x8004CCA0,map_interp_C
0x80116DCA,0x8004D760,map_interp_O
0x80117B6C,0x8004CF20,map_interp_J
0x8011823A,0x8004CD40,map_interp_E
0x80118292,0x8004CD40,map_interp_E
0x801182BC,0x8004F46C,map_interp_M
0x80118618,0x8004CD40,map_interp_E
0x80118740,0x8004CD40,map_interp_E
0x801189CE,0x8004CD40,map_interp_E
0x80118A7A,0x8004CCA0,map_interp_C
0x80118C82,0x8004CD40,map_interp_E
0x80118D16,0x8004F46C,map_interp_M
0x80119114,0x8004CCA0,map_interp_C
0x80119724,0x8004CD40,map_interp_E
0x801197F8,0x8004CD40,map_interp_E
0x8011999C,0x8004CCA0,map_interp_C
0x80119B58,0x8004CD40,map_interp_E
0x80119C16,0x8004CD40,map_interp_E
0x80119DB6,0x8004CCA0,map_interp_C
0x80119F6E,0x8004CD40,map_interp_E
0x8011A6B2,0x8004CF80,map_interp_D
0x8011B130,0x8004CDE0,map_interp_N
0x8011BC48,0x8004CF80,map_interp_D
0x8011BC7C,0x8004DB5C,map_interp_F
0x8011C02E,0x8004CCA0,map_interp_C
0x8011C4B0,0x8004CF80,map_interp_D
0x8011C4BC,0x8004BAC0,map_interp_I
0x8011C4DC,0x8004BAC0,map_interp_I
0x8011C4FE,0x8004CCA0,map_interp_C
0x8011C51A,0x8004BAC0,map_interp_I
0x8011CB58,0x8004CCA0,map_interp_C
0x8011D3E2,0x8004C960,interp_2d_B
0x8011D9FA,0x8004CCA0,map_interp_C
0x8011DB20,0x8004CCA0,map_interp_C
0x801206FA,0x8004D760,map_interp_O
0x8012072C,0x8004CD40,map_interp_E
0x801217C6,0x8004CCA0,map_interp_C
0x80121826,0x8004CCA0,map_interp_C
0x8012183E,0x8004CCA0,map_interp_C
0x801218E8,0x8004CD40,map_interp_E
0x80121978,0x8004CCA0,map_interp_C
0x80121AFA,0x8004C7A0,interp_2d
0x80121BEE,0x8004CD40,map_interp_E
0x80121C1E,0x8004C7A0,interp_2d
0x80121C68,0x8004CCA0,map_interp_C
0x80121E4C,0x8004C7A0,interp_2d
0x80121E68,0x8004CCA0,map_interp_C
0x8012202E,0x8004CD40,map_interp_E
0x8012263E,0x8004CCA0,map_interp_C
0x8012273C,0x8004CCA0,map_interp_C
0x80122AC4,0x8004E4E8,map_interp_L
0x80122AEE,0x8004E4E8,map_interp_L
0x801244CE,0x8004C960,interp_2d_B
0x801244F0,0x8004D760,map_interp_O
0x8012E6DA,0x8004C7A0,interp_2d
0x8012E6F0,0x8004C7A0,interp_2d
0x8012E720,0x8004C7A0,interp_2d
0x8012E74A,0x8004C7A0,interp_2d
0x8012FCBC,0x8004CCA0,map_interp_C
0x801302BA,0x8004CCA0,map_interp_C
0x80130C5A,0x8004CD40,map_interp_E
0x80130DD0,0x8004CF20,map_interp_J
0x80130E06,0x8004CF80,map_interp_D
0x80130E16,0x8004CF60,map_interp_G
0x80130E28,0x8004DB5C,map_interp_F
0x80130E42,0x8004CCA0,map_interp_C
0x8013128A,0x8004CD40,map_interp_E
0x80131374,0x8004C960,interp_2d_B
0x8013490C,0x8004CCA0,map_interp_C
0x801359F2,0x8004CDE0,map_interp_N
0x80135B44,0x8004D760,map_interp_O
0x8013D46A,0x8004CF20,map_interp_J
0x8013E6F2,0x8004CDE0,map_interp_N
0x8013E76E,0x8004CCA0,map_interp_C
0x8013FAC2,0x8004CD40,map_interp_E
0x80140664,0x8004C960,interp_2d_B
0x8014068A,0x8004CD40,map_interp_E
0x80141644,0x8004E260,map_interp_H
0x80141678,0x8004E260,map_interp_H
0x80141AD8,0x8004C960,interp_2d_B
0x80142502,0x8004F46C,map_interp_M
0x8014253A,0x8004F46C,map_interp_M
0x8014255C,0x8004F46C,map_interp_M
0x80142A14,0x8004CD40,map_interp_E
0x8014624A,0x8004CF20,map_interp_J
0x801474DC,0x8004CDE0,map_interp_N
0x801476AC,0x8004CD40,map_interp_E
0x801476E4,0x8004CD40,map_interp_E
0x80147A2C,0x8004CCA0,map_interp_C
0x80147C78,0x8004CCA0,map_interp_C
0x801481B2,0x8004CF80,map_interp_D
0x801481CC,0x8004BAC0,map_interp_I
0x8014C6E4,0x8004CDE0,map_interp_N
0x8014CD6E,0x8004E260,map_interp_H
0x8014CD7C,0x8004E260,map_interp_H
0x8014D116,0x8004CF80,map_interp_D
0x8014EC04,0x8004CD40,map_interp_E
0x8014EC16,0x8004CD40,map_interp_E
0x801547F0,0x8004CF20,map_interp_J
0x801548FE,0x8004CF20,map_interp_J
0x80154A0E,0x8004CF20,map_interp_J
