rank,hub,addr,grid80,id_name,family,roles,folder,delta,map_start,uniq_u16,usefulness,same_9979,call_site,axis_x,axis_y,fam_label,family_id_re,notes
1,B,0x1D0AA8,0xA01D0AA8,AccPed_trq4A,AccPed_trq4A,stage1_core,Engine torque request,0x4C,0x1D0A5C,29,10,1,0x8010FED6,,0xA01B6818,B_fam_unkX_unkY_1D0AA8,B_fam_0025,medium: pointe DANS AccPed_trq4A @0x1D0A5C +0x4C (Engine torque request) - pas le debut; comment only; identique 64o vs 9979 au meme offset; fp32=4e23ee78a921 uniq_u16=29
2,N,0x1D0ACC,0xA01D0ACC,AccPed_trq4A,AccPed_trq4A,stage1_core,Engine torque request,0x70,0x1D0A5C,29,10,1,0x80116446,,,N_fam_unkX_unkY_1D0ACC,N_fam_0032,medium: pointe DANS AccPed_trq4A @0x1D0A5C +0x70 (Engine torque request) - pas le debut; comment only; identique 64o vs 9979 au meme offset; fp32=9c9061c2a997 uniq_u16=29
3,C,0x1CFA30,0xA01CFA30,AccPed_trq4A,AccPed_trq4A,stage1_core,Engine torque request,0x70,0x1CF9C0,26,10,0,0x80116CAE,0xA01A46C0,,C_fam_unkX_unkY_1CFA30,C_fam_0140,medium: pointe DANS AccPed_trq4A @0x1CF9C0 +0x70 (Engine torque request) - pas le debut; comment only; differe de 9979 au meme offset; fp32=b60a07b67dab uniq_u16=26
4,E,0x1CFA3C,0xA01CFA3C,AccPed_trq4A,AccPed_trq4A,stage1_core,Engine torque request,0x7C,0x1CF9C0,22,10,0,0x80116C8E,,,E_fam_D0003154_unkY_1CFA3C,E_fam_0080,medium: pointe DANS AccPed_trq4A @0x1CF9C0 +0x7C (Engine torque request) - pas le debut; comment only; differe de 9979 au meme offset; fp32=78fffd206fe2 uniq_u16=22
5,O,0x1CFA3C,0xA01CFA3C,AccPed_trq4A,AccPed_trq4A,stage1_core,Engine torque request,0x7C,0x1CF9C0,22,10,0,0x80116C78,0xA01A04D0,,O_fam_D0003154_unkY_1CFA3C,O_fam_0012,medium: pointe DANS AccPed_trq4A @0x1CF9C0 +0x7C (Engine torque request) - pas le debut; comment only; differe de 9979 au meme offset; fp32=78fffd206fe2 uniq_u16=22
6,C,0x1CFE3C,0xA01CFE3C,AccPed_trq4A,AccPed_trq4A,stage1_core,Engine torque request,0x7C,0x1CFDC0,22,10,0,0x8007D838,0xA01A3644,0xA01A066C,C_fam_unkX_D0002AF6_1CFE3C,C_fam_0070,medium: pointe DANS AccPed_trq4A @0x1CFDC0 +0x7C (Engine torque request) - pas le debut; comment only; differe de 9979 au meme offset; fp32=78fffd206fe2 uniq_u16=22
7,C,0x1D0ADC,0xA01D0ADC,AccPed_trq4A,AccPed_trq4A,stage1_core,Engine torque request,0x80,0x1D0A5C,29,10,1,0x8008749C,0xA01A46A0,,C_fam_unkX_unkY_1D0ADC,C_fam_0139,medium: pointe DANS AccPed_trq4A @0x1D0A5C +0x80 (Engine torque request) - pas le debut; comment only; identique 64o vs 9979 au meme offset; fp32=134f2b3d642e uniq_u16=29
8,2d,0x1D0AEC,0xA01D0AEC,AccPed_trq4A,AccPed_trq4A,stage1_core,Engine torque request,0x90,0x1D0A5C,29,10,1,0x800DDFF8,0xA01A7534,,fam_unkX_D0001ADE_1D0AEC,fam_0117,medium: pointe DANS AccPed_trq4A @0x1D0A5C +0x90 (Engine torque request) - pas le debut; comment only; identique 64o vs 9979 au meme offset; fp32=e8b7692af6a2 uniq_u16=29
9,E,0x1CFEB4,0xA01CFEB4,AccPed_trq4A,AccPed_trq4A,stage1_core,Engine torque request,0xF4,0x1CFDC0,23,10,0,0x80119B58,,,E_fam_D000243E_unkY_1CFEB4,E_fam_0072,medium: pointe DANS AccPed_trq4A @0x1CFDC0 +0xF4 (Engine torque request) - pas le debut; comment only; differe de 9979 au meme offset; fp32=cc5fea5475a1 uniq_u16=23
10,H,0x1D073A,0xA01D073A,AccPed_trq4A,AccPed_trq4A,stage1_core,Engine torque request,0xFA,0x1D0640,2,10,1,0x8009902A,,,H_fam_unkX_unkY_1D073A,H_fam_0075,medium: pointe DANS AccPed_trq4A @0x1D0640 +0xFA (Engine torque request) - pas le debut; comment only; identique 64o vs 9979 au meme offset; fp32=d6de0b9f09f1 uniq_u16=2
11,B,0x1D32CC,0xA01D32CC,tqlim_base_pu_4A,tqlim_base_pu_4A,stage1_core,Engine torque limiters,0x13C,0x1D3190,5,20,0,0x8008736E,0xA01B4894,0xA01B2868,B_fam_unkX_unkY_1D32CC,B_fam_0003,medium: pointe DANS tqlim_base_pu_4A @0x1D3190 +0x13C (Engine torque limiters) - pas le debut; comment only; differe de 9979 au meme offset; fp32=c341347c2deb uniq_u16=5
12,C,0x1D330C,0xA01D330C,tqlim_base_pu_4A,tqlim_base_pu_4A,stage1_core,Engine torque limiters,0x17C,0x1D3190,9,20,0,0x800DDACE,0xA01A760C,,C_fam_unkX_unkY_1D330C,C_fam_0153,medium: pointe DANS tqlim_base_pu_4A @0x1D3190 +0x17C (Engine torque limiters) - pas le debut; comment only; differe de 9979 au meme offset; fp32=f9a67fd31aed uniq_u16=9
13,E,0x1D332C,0xA01D332C,tqlim_base_pu_4A,tqlim_base_pu_4A,stage1_core,Engine torque limiters,0x19C,0x1D3190,9,20,1,0x800DDA36,0xA01B792C,,E_fam_unkX_unkY_1D332C,E_fam_0010,medium: pointe DANS tqlim_base_pu_4A @0x1D3190 +0x19C (Engine torque limiters) - pas le debut; comment only; identique 64o vs 9979 au meme offset; fp32=eecc0af4dcb0 uniq_u16=9
14,C,0x1D0F34,0xA01D0F34,smoke_mapA,smoke_mapA,stage1_core|stage1_support,Smoke limitation,0x8,0x1D0F2C,1,30,1,0x800B1B10,0xA01A3464,,C_fam_D00019A6_D0001998_1D0F34,C_fam_0192,medium: pointe DANS smoke_mapA @0x1D0F2C +0x8 (Smoke limitation) - pas le debut; comment only; identique 64o vs 9979 au meme offset; fp32=5b5045aac031 uniq_u16=1
15,I,0x1D0F80,0xA01D0F80,smoke_mapA,smoke_mapA,stage1_core|stage1_support,Smoke limitation,0x54,0x1D0F2C,1,30,1,0x800F8DB8,0xA01B491C,0xA01B48F0,I_fam_unkX_unkY_1D0F80,I_fam_0042,medium: pointe DANS smoke_mapA @0x1D0F2C +0x54 (Smoke limitation) - pas le debut; comment only; identique 64o vs 9979 au meme offset; fp32=5b5045aac031 uniq_u16=1
16,I,0x1D282C,0xA01D282C,smoke_mapA,smoke_mapA,stage1_core|stage1_support,Smoke limitation,0x64,0x1D27C8,26,30,1,0x80081ECA,0xA01B2868,,I_fam_unkX_unkY_1D282C,I_fam_0054,medium: pointe DANS smoke_mapA @0x1D27C8 +0x64 (Smoke limitation) - pas le debut; comment only; identique 64o vs 9979 au meme offset; fp32=3f7783e824c8 uniq_u16=26
17,2d,0x1D287C,0xA01D287C,smoke_mapA,smoke_mapA,stage1_core|stage1_support,Smoke limitation,0xB4,0x1D27C8,27,30,1,0x8008E56C,0xA01A5440,0xA01A9820,fam_unkX_D00017D6_1D287C,fam_0045,medium: pointe DANS smoke_mapA @0x1D27C8 +0xB4 (Smoke limitation) - pas le debut; comment only; identique 64o vs 9979 au meme offset; fp32=b1c72dfd1bfc uniq_u16=27
18,C,0x1D232C,0xA01D232C,smoke_mapA,smoke_mapA,stage1_core|stage1_support,Smoke limitation,0xBC,0x1D2270,31,30,1,0x800DDB38,0xA01A6628,,C_fam_unkX_unkY_1D232C,C_fam_0147,medium: pointe DANS smoke_mapA @0x1D2270 +0xBC (Smoke limitation) - pas le debut; comment only; identique 64o vs 9979 au meme offset; fp32=aa049124c6bd uniq_u16=31
19,B,0x1D1040,0xA01D1040,smoke_mapA,smoke_mapA,stage1_core|stage1_support,Smoke limitation,0x114,0x1D0F2C,1,30,1,0x80096A6C,0xA01B1874,0xA01B1874,B_fam_unkX_unkY_1D1040,B_fam_0021,medium: pointe DANS smoke_mapA @0x1D0F2C +0x114 (Smoke limitation) - pas le debut; comment only; identique 64o vs 9979 au meme offset; fp32=5b5045aac031 uniq_u16=1
20,2d,0x1D20E4,0xA01D20E4,smoke_mapA,smoke_mapA,stage1_core|stage1_support,Smoke limitation,0x120,0x1D1FC4,31,30,1,0x800879EC,,0xA01A74F4,fam_unkX_unkY_1D20E4,fam_0091,medium: pointe DANS smoke_mapA @0x1D1FC4 +0x120 (Smoke limitation) - pas le debut; comment only; identique 64o vs 9979 au meme offset; fp32=5c9625e787d8 uniq_u16=31
21,K,0x1D2654,0xA01D2654,smoke_mapA,smoke_mapA,stage1_core|stage1_support,Smoke limitation,0x138,0x1D251C,28,30,1,0x80093D34,,,K_fam_unkX_unkY_1D2654,K_fam_0054,medium: pointe DANS smoke_mapA @0x1D251C +0x138 (Smoke limitation) - pas le debut; comment only; identique 64o vs 9979 au meme offset; fp32=0c2239d76506 uniq_u16=28
22,2d,0x1D1E64,0xA01D1E64,smoke_mapA,smoke_mapA,stage1_core|stage1_support,Smoke limitation,0x14C,0x1D1D18,30,30,1,0x80074DB2,0xA01A2710,0xA01AD8D0,fam_unkX_unkY_1D1E64,fam_0036,medium: pointe DANS smoke_mapA @0x1D1D18 +0x14C (Smoke limitation) - pas le debut; comment only; identique 64o vs 9979 au meme offset; fp32=e1af9780e7ca uniq_u16=30
23,2d,0x1D10A0,0xA01D10A0,smoke_mapA,smoke_mapA,stage1_core|stage1_support,Smoke limitation,0x174,0x1D0F2C,1,30,1,0x800CD17E,0xA01A4628,0xA01B783C,fam_D0002D9E_unkY_1D10A0,fam_0042,medium: pointe DANS smoke_mapA @0x1D0F2C +0x174 (Smoke limitation) - pas le debut; comment only; identique 64o vs 9979 au meme offset; fp32=5b5045aac031 uniq_u16=1
24,2d,0x1D296C,0xA01D296C,smoke_mapA,smoke_mapA,stage1_core|stage1_support,Smoke limitation,0x1A4,0x1D27C8,30,30,1,0x800F04A4,0xA01B585C,,fam_unkX_unkY_1D296C,fam_0098,medium: pointe DANS smoke_mapA @0x1D27C8 +0x1A4 (Smoke limitation) - pas le debut; comment only; identique 64o vs 9979 au meme offset; fp32=7dc7cfa069a5 uniq_u16=30
25,2d,0x1D10DC,0xA01D10DC,smoke_mapA,smoke_mapA,stage1_core|stage1_support,Smoke limitation,0x1B0,0x1D0F2C,1,30,1,0x8008797E,0xA01A88EC,0xA01A74E4,fam_D000249A_D0002498_1D10DC,fam_0061,medium: pointe DANS smoke_mapA @0x1D0F2C +0x1B0 (Smoke limitation) - pas le debut; comment only; identique 64o vs 9979 au meme offset; fp32=5b5045aac031 uniq_u16=1
26,G,0x1D26F4,0xA01D26F4,smoke_mapA,smoke_mapA,stage1_core|stage1_support,Smoke limitation,0x1D8,0x1D251C,25,30,1,0x800974A6,,,G_fam_D0002452_unkY_1D26F4,G_fam_0020,medium: pointe DANS smoke_mapA @0x1D251C +0x1D8 (Smoke limitation) - pas le debut; comment only; identique 64o vs 9979 au meme offset; fp32=c9ebb0b4399c uniq_u16=25
27,B,0x1D1F00,0xA01D1F00,smoke_mapA,smoke_mapA,stage1_core|stage1_support,Smoke limitation,0x1E8,0x1D1D18,29,30,1,0x800F4BA8,0xA01B38C0,0xA01A06D4,B_fam_D0001D60_D0001D62_1D1F00,B_fam_0022,medium: pointe DANS smoke_mapA @0x1D1D18 +0x1E8 (Smoke limitation) - pas le debut; comment only; identique 64o vs 9979 au meme offset; fp32=e0a826f82460 uniq_u16=29
28,H,0x1D2706,0xA01D2706,smoke_mapA,smoke_mapA,stage1_core|stage1_support,Smoke limitation,0x1EA,0x1D251C,27,30,1,0x8009904A,,,H_fam_unkX_unkY_1D2706,H_fam_0077,medium: pointe DANS smoke_mapA @0x1D251C +0x1EA (Smoke limitation) - pas le debut; comment only; identique 64o vs 9979 au meme offset; fp32=111dcbefb56b uniq_u16=27
29,2d,0x1D29CC,0xA01D29CC,smoke_mapA,smoke_mapA,stage1_core|stage1_support,Smoke limitation,0x204,0x1D27C8,28,30,1,0x800B765C,0xA01A9904,,fam_unkX_unkY_1D29CC,fam_0020,medium: pointe DANS smoke_mapA @0x1D27C8 +0x204 (Smoke limitation) - pas le debut; comment only; identique 64o vs 9979 au meme offset; fp32=0af39bd3e9b7 uniq_u16=28
30,H,0x1D272C,0xA01D272C,smoke_mapA,smoke_mapA,stage1_core|stage1_support,Smoke limitation,0x210,0x1D251C,28,30,1,0x80098FFC,,,H_fam_unkX_unkY_1D272C,H_fam_0072,medium: pointe DANS smoke_mapA @0x1D251C +0x210 (Smoke limitation) - pas le debut; comment only; identique 64o vs 9979 au meme offset; fp32=7326ffd699cb uniq_u16=28
31,D,0x1D24AC,0xA01D24AC,smoke_mapA,smoke_mapA,stage1_core|stage1_support,Smoke limitation,0x23C,0x1D2270,29,30,1,0x801056A4,,,D_fam_unkX_unkY_1D24AC,D_fam_0229,medium: pointe DANS smoke_mapA @0x1D2270 +0x23C (Smoke limitation) - pas le debut; comment only; identique 64o vs 9979 au meme offset; fp32=0d5cfd64ca01 uniq_u16=29
32,D,0x1D24BC,0xA01D24BC,smoke_mapA,smoke_mapA,stage1_core|stage1_support,Smoke limitation,0x24C,0x1D2270,25,30,1,0x80105626,,,D_fam_unkX_unkY_1D24BC,D_fam_0228,medium: pointe DANS smoke_mapA @0x1D2270 +0x24C (Smoke limitation) - pas le debut; comment only; identique 64o vs 9979 au meme offset; fp32=d8968853b875 uniq_u16=25
33,2d,0x1D24CC,0xA01D24CC,smoke_mapA,smoke_mapA,stage1_core|stage1_support,Smoke limitation,0x25C,0x1D2270,19,30,1,0x80105DE2,,,fam_unkX_unkY_1D24CC,fam_0178,medium: pointe DANS smoke_mapA @0x1D2270 +0x25C (Smoke limitation) - pas le debut; comment only; identique 64o vs 9979 au meme offset; fp32=d45fe72feba0 uniq_u16=19
34,2d,0x1D2A30,0xA01D2A30,smoke_mapA,smoke_mapA,stage1_core|stage1_support,Smoke limitation,0x268,0x1D27C8,29,30,1,0x8012E74A,0xA01AA930,0xA01AC92C,fam_unkX_unkY_1D2A30,fam_0012,medium: pointe DANS smoke_mapA @0x1D27C8 +0x268 (Smoke limitation) - pas le debut; comment only; identique 64o vs 9979 au meme offset; fp32=654e316edee0 uniq_u16=29
35,L,0x1C0A04,0xA01C0A04,turbo_base3B,turbo_base3B,stage1_core|stage1_support,Turbo boost pressure,0x58,0x1C09AC,30,50,1,0x8009B086,0xA01A9AE8,0xA01A8AE8,L_fam_unkX_D0002416_1C0A04,L_fam_0008,medium: pointe DANS turbo_base3B @0x1C09AC +0x58 (Turbo boost pressure) - pas le debut; comment only; identique 64o vs 9979 au meme offset; fp32=0483f32db26e uniq_u16=30
36,O,0x1C0A04,0xA01C0A04,turbo_base3B,turbo_base3B,stage1_core|stage1_support,Turbo boost pressure,0x58,0x1C09AC,30,50,1,0x8009B074,0xA01AAAE8,0xA01A9AE8,O_fam_unkX_D0002416_1C0A04,O_fam_0002,medium: pointe DANS turbo_base3B @0x1C09AC +0x58 (Turbo boost pressure) - pas le debut; comment only; identique 64o vs 9979 au meme offset; fp32=0483f32db26e uniq_u16=30
37,2d,0x1C0A44,0xA01C0A44,turbo_base3B,turbo_base3B,stage1_core|stage1_support,Turbo boost pressure,0x98,0x1C09AC,30,50,1,0x800E4110,,,fam_unkX_unkY_1C0A44,fam_0156,medium: pointe DANS turbo_base3B @0x1C09AC +0x98 (Turbo boost pressure) - pas le debut; comment only; identique 64o vs 9979 au meme offset; fp32=552c81739bd4 uniq_u16=30
38,D,0x1C1950,0xA01C1950,turbo_base3B,turbo_base3B,stage1_core|stage1_support,Turbo boost pressure,0xA4,0x1C18AC,28,50,1,0x800E2122,0xA01B68A8,,D_fam_unkX_unkY_1C1950,D_fam_0102,medium: pointe DANS turbo_base3B @0x1C18AC +0xA4 (Turbo boost pressure) - pas le debut; comment only; identique 64o vs 9979 au meme offset; fp32=ffc98bf253b2 uniq_u16=28
39,I,0x1C1950,0xA01C1950,turbo_base3B,turbo_base3B,stage1_core|stage1_support,Turbo boost pressure,0xA4,0x1C18AC,28,50,1,0x800E20F4,,,I_fam_unkX_unkY_1C1950,I_fam_0110,medium: pointe DANS turbo_base3B @0x1C18AC +0xA4 (Turbo boost pressure) - pas le debut; comment only; identique 64o vs 9979 au meme offset; fp32=ffc98bf253b2 uniq_u16=28
40,D,0x1C197C,0xA01C197C,turbo_base3B,turbo_base3B,stage1_core|stage1_support,Turbo boost pressure,0xD0,0x1C18AC,27,50,1,0x800E9084,0xA01A2580,,D_fam_unkX_unkY_1C197C,D_fam_0074,medium: pointe DANS turbo_base3B @0x1C18AC +0xD0 (Turbo boost pressure) - pas le debut; comment only; identique 64o vs 9979 au meme offset; fp32=952cccadb46c uniq_u16=27
41,I,0x1C197C,0xA01C197C,turbo_base3B,turbo_base3B,stage1_core|stage1_support,Turbo boost pressure,0xD0,0x1C18AC,27,50,1,0x800E9058,,,I_fam_unkX_unkY_1C197C,I_fam_0113,medium: pointe DANS turbo_base3B @0x1C18AC +0xD0 (Turbo boost pressure) - pas le debut; comment only; identique 64o vs 9979 au meme offset; fp32=952cccadb46c uniq_u16=27
42,C,0x1C0A84,0xA01C0A84,turbo_base3B,turbo_base3B,stage1_core|stage1_support,Turbo boost pressure,0xD8,0x1C09AC,29,50,1,0x80078AD6,,,C_fam_D000209C_unkY_1C0A84,C_fam_0256,medium: pointe DANS turbo_base3B @0x1C09AC +0xD8 (Turbo boost pressure) - pas le debut; comment only; identique 64o vs 9979 au meme offset; fp32=8273e47f5ea6 uniq_u16=29
43,C,0x1C0A98,0xA01C0A98,turbo_base3B,turbo_base3B,stage1_core|stage1_support,Turbo boost pressure,0xEC,0x1C09AC,28,50,1,0x80085C3A,0xA01B4870,,C_fam_unkX_unkY_1C0A98,C_fam_0169,medium: pointe DANS turbo_base3B @0x1C09AC +0xEC (Turbo boost pressure) - pas le debut; comment only; identique 64o vs 9979 au meme offset; fp32=58ab081a07d9 uniq_u16=28
44,O,0x1C0AA4,0xA01C0AA4,turbo_base3B,turbo_base3B,stage1_core|stage1_support,Turbo boost pressure,0xF8,0x1C09AC,28,50,1,0x8009ACB8,0xA01B1874,0xA01B1874,O_fam_unkX_unkY_1C0AA4,O_fam_0003,medium: pointe DANS turbo_base3B @0x1C09AC +0xF8 (Turbo boost pressure) - pas le debut; comment only; identique 64o vs 9979 au meme offset; fp32=7f11d342f15c uniq_u16=28
45,C,0x1C37AC,0xA01C37AC,turbo_base3B,turbo_base3B,stage1_core|stage1_support,Turbo boost pressure,0x100,0x1C36AC,28,50,1,0x800CD140,,,C_fam_unkX_unkY_1C37AC,C_fam_0307,medium: pointe DANS turbo_base3B @0x1C36AC +0x100 (Turbo boost pressure) - pas le debut; comment only; identique 64o vs 9979 au meme offset; fp32=abf368fc3549 uniq_u16=28
46,E,0x1C37BC,0xA01C37BC,turbo_base3B,turbo_base3B,stage1_core|stage1_support,Turbo boost pressure,0x110,0x1C36AC,28,50,1,0x80096F00,,,E_fam_D0000000_D00006CA_1C37BC,E_fam_0047,medium: pointe DANS turbo_base3B @0x1C36AC +0x110 (Turbo boost pressure) - pas le debut; comment only; identique 64o vs 9979 au meme offset; fp32=553d01caa28f uniq_u16=28
47,C,0x1C0AC4,0xA01C0AC4,turbo_base3B,turbo_base3B,stage1_core|stage1_support,Turbo boost pressure,0x118,0x1C09AC,28,50,1,0x800A2EE2,,,C_fam_D0001DC6_D0001DC4_1C0AC4,C_fam_0038,medium: pointe DANS turbo_base3B @0x1C09AC +0x118 (Turbo boost pressure) - pas le debut; comment only; identique 64o vs 9979 au meme offset; fp32=8234191e9298 uniq_u16=28
48,C,0x1C0AD0,0xA01C0AD0,turbo_base3B,turbo_base3B,stage1_core|stage1_support,Turbo boost pressure,0x124,0x1C09AC,27,50,1,0x80078AB4,,,C_fam_D000209C_D000208A_1C0AD0,C_fam_0197,medium: pointe DANS turbo_base3B @0x1C09AC +0x124 (Turbo boost pressure) - pas le debut; comment only; identique 64o vs 9979 au meme offset; fp32=ea40367bff6b uniq_u16=27
49,O,0x1C0AE4,0xA01C0AE4,turbo_base3B,turbo_base3B,stage1_core|stage1_support,Turbo boost pressure,0x138,0x1C09AC,26,50,1,0x8009AD22,0xA01B1874,0xA01B1874,O_fam_D000241E_unkY_1C0AE4,O_fam_0003,medium: pointe DANS turbo_base3B @0x1C09AC +0x138 (Turbo boost pressure) - pas le debut; comment only; identique 64o vs 9979 au meme offset; fp32=e7ab0b643769 uniq_u16=26
50,2d,0x1C19E8,0xA01C19E8,turbo_base3B,turbo_base3B,stage1_core|stage1_support,Turbo boost pressure,0x13C,0x1C18AC,22,50,1,0x800DF018,0xA01AA8A8,0xA01B595C,fam_unkX_unkY_1C19E8,fam_0066,medium: pointe DANS turbo_base3B @0x1C18AC +0x13C (Turbo boost pressure) - pas le debut; comment only; identique 64o vs 9979 au meme offset; fp32=26e2c5d683b4 uniq_u16=22
51,B,0x1C37F4,0xA01C37F4,turbo_base3B,turbo_base3B,stage1_core|stage1_support,Turbo boost pressure,0x148,0x1C36AC,22,50,1,0x800BD03A,0xA01A6710,0xA01AE940,B_fam_unkX_unkY_1C37F4,B_fam_0004,medium: pointe DANS turbo_base3B @0x1C36AC +0x148 (Turbo boost pressure) - pas le debut; comment only; identique 64o vs 9979 au meme offset; fp32=97bc115b67ca uniq_u16=22
52,C,0x1C088C,0xA01C088C,turbo_base3B,turbo_base3B,stage1_core|stage1_support,Turbo boost pressure,0x160,0x1C072C,21,50,1,0x800F8F0A,,,C_fam_unkX_unkY_1C088C,C_fam_0329,medium: pointe DANS turbo_base3B @0x1C072C +0x160 (Turbo boost pressure) - pas le debut; comment only; identique 64o vs 9979 au meme offset; fp32=2992700c306f uniq_u16=21
53,E,0x1C08D8,0xA01C08D8,turbo_base3B,turbo_base3B,stage1_core|stage1_support,Turbo boost pressure,0x1AC,0x1C072C,21,50,1,0x800E4684,0xA01AA908,0xA01B8958,E_fam_unkX_unkY_1C08D8,E_fam_0004,medium: pointe DANS turbo_base3B @0x1C072C +0x1AC (Turbo boost pressure) - pas le debut; comment only; identique 64o vs 9979 au meme offset; fp32=baa8bd6ce5c9 uniq_u16=21
54,F,0x1C3890,0xA01C3890,turbo_base3B,turbo_base3B,stage1_core|stage1_support,Turbo boost pressure,0x1E4,0x1C36AC,21,50,1,0x800F065E,0xA01AA898,0xA01A666C,F_fam_D00022AA_unkY_1C3890,F_fam_0012,medium: pointe DANS turbo_base3B @0x1C36AC +0x1E4 (Turbo boost pressure) - pas le debut; comment only; identique 64o vs 9979 au meme offset; fp32=a18ea9cdaa97 uniq_u16=21
55,D,0x1C0940,0xA01C0940,turbo_base3B,turbo_base3B,stage1_core|stage1_support,Turbo boost pressure,0x214,0x1C072C,14,50,1,0x80112490,0xA01B7858,0xA01AE888,D_fam_D00007DC_D00007D8_1C0940,D_fam_0060,medium: pointe DANS turbo_base3B @0x1C072C +0x214 (Turbo boost pressure) - pas le debut; comment only; identique 64o vs 9979 au meme offset; fp32=14fa40c1398e uniq_u16=14
56,E,0x1C0940,0xA01C0940,turbo_base3B,turbo_base3B,stage1_core|stage1_support,Turbo boost pressure,0x214,0x1C072C,14,50,1,0x8011246C,0xA01A99F0,0xA01B7858,E_fam_D00007DC_unkY_1C0940,E_fam_0022,medium: pointe DANS turbo_base3B @0x1C072C +0x214 (Turbo boost pressure) - pas le debut; comment only; identique 64o vs 9979 au meme offset; fp32=14fa40c1398e uniq_u16=14
57,F,0x1C0940,0xA01C0940,turbo_base3B,turbo_base3B,stage1_core|stage1_support,Turbo boost pressure,0x214,0x1C072C,14,50,1,0x801124A6,0xA01AE888,0xA01B696C,F_fam_D0001F60_D00007D8_1C0940,F_fam_0061,medium: pointe DANS turbo_base3B @0x1C072C +0x214 (Turbo boost pressure) - pas le debut; comment only; identique 64o vs 9979 au meme offset; fp32=14fa40c1398e uniq_u16=14
58,G,0x1C0940,0xA01C0940,turbo_base3B,turbo_base3B,stage1_core|stage1_support,Turbo boost pressure,0x214,0x1C072C,14,50,1,0x8011249A,0xA01AE888,0xA01B696C,G_fam_D0001F60_D00007D8_1C0940,G_fam_0046,medium: pointe DANS turbo_base3B @0x1C072C +0x214 (Turbo boost pressure) - pas le debut; comment only; identique 64o vs 9979 au meme offset; fp32=14fa40c1398e uniq_u16=14
59,E,0x1C094C,0xA01C094C,turbo_base3B,turbo_base3B,stage1_core|stage1_support,Turbo boost pressure,0x220,0x1C072C,13,50,1,0x80112530,0xA01A89E4,0xA01B7858,E_fam_D00007DC_D00007D8_1C094C,E_fam_0020,medium: pointe DANS turbo_base3B @0x1C072C +0x220 (Turbo boost pressure) - pas le debut; comment only; identique 64o vs 9979 au meme offset; fp32=79ee6c9ae82c uniq_u16=13
60,D,0x1C0958,0xA01C0958,turbo_base3B,turbo_base3B,stage1_core|stage1_support,Turbo boost pressure,0x22C,0x1C072C,14,50,1,0x801123BE,0xA01AE888,0xA01A64E4,D_fam_D00007D4_D0001F36_1C0958,D_fam_0051,medium: pointe DANS turbo_base3B @0x1C072C +0x22C (Turbo boost pressure) - pas le debut; comment only; identique 64o vs 9979 au meme offset; fp32=cedf988e8d6a uniq_u16=14
61,E,0x1C0958,0xA01C0958,turbo_base3B,turbo_base3B,stage1_core|stage1_support,Turbo boost pressure,0x22C,0x1C072C,14,50,1,0x80112378,0xA01A64D4,0xA01A64E4,E_fam_unkX_D0001F36_1C0958,E_fam_0012,medium: pointe DANS turbo_base3B @0x1C072C +0x22C (Turbo boost pressure) - pas le debut; comment only; identique 64o vs 9979 au meme offset; fp32=cedf988e8d6a uniq_u16=14
62,D,0x1C0964,0xA01C0964,turbo_base3B,turbo_base3B,stage1_core|stage1_support,Turbo boost pressure,0x238,0x1C072C,14,50,1,0x800F58B8,0xA01B0880,,D_fam_unkX_unkY_1C0964,D_fam_0096,medium: pointe DANS turbo_base3B @0x1C072C +0x238 (Turbo boost pressure) - pas le debut; comment only; identique 64o vs 9979 au meme offset; fp32=d853ba9bfdaa uniq_u16=14
63,I,0x1C0964,0xA01C0964,turbo_base3B,turbo_base3B,stage1_core|stage1_support,Turbo boost pressure,0x238,0x1C072C,14,50,1,0x800F588A,,,I_fam_unkX_unkY_1C0964,I_fam_0117,medium: pointe DANS turbo_base3B @0x1C072C +0x238 (Turbo boost pressure) - pas le debut; comment only; identique 64o vs 9979 au meme offset; fp32=d853ba9bfdaa uniq_u16=14
64,2d,0x1C38E8,0xA01C38E8,turbo_base3B,turbo_base3B,stage1_core|stage1_support,Turbo boost pressure,0x23C,0x1C36AC,14,50,1,0x800FC4FE,0xA01A73C0,0xA01A473C,fam_unkX_unkY_1C38E8,fam_0059,medium: pointe DANS turbo_base3B @0x1C36AC +0x23C (Turbo boost pressure) - pas le debut; comment only; identique 64o vs 9979 au meme offset; fp32=f9508a2ebeee uniq_u16=14
65,2d,0x1C1880,0xA01C1880,turbo_base3B,turbo_base3B,stage1_core|stage1_support,Turbo boost pressure,0x254,0x1C162C,14,50,1,0x800F05A6,0xA01AA898,0xA01A666C,fam_unkX_D00022A6_1C1880,fam_0065,medium: pointe DANS turbo_base3B @0x1C162C +0x254 (Turbo boost pressure) - pas le debut; comment only; identique 64o vs 9979 au meme offset; fp32=0b88226c13f5 uniq_u16=14
66,2d,0x1C0714,0xA01C0714,turbo_base3B,turbo_base3B,stage1_core|stage1_support,Turbo boost pressure,0x268,0x1C04AC,15,50,1,0x800E0ECA,,,fam_D0002D8C_unkY_1C0714,fam_0133,medium: pointe DANS turbo_base3B @0x1C04AC +0x268 (Turbo boost pressure) - pas le debut; comment only; identique 64o vs 9979 au meme offset; fp32=9257c1d67eac uniq_u16=15
67,2d,0x1C6978,0xA01C6978,turbo_atm6A,turbo_atm6A,stage1_core|stage1_support,Turbo boost pressure,0x4C,0x1C692C,30,55,1,0x800F872A,,,fam_D000283A_unkY_1C6978,fam_0130,medium: pointe DANS turbo_atm6A @0x1C692C +0x4C (Turbo boost pressure) - pas le debut; comment only; identique 64o vs 9979 au meme offset; fp32=8c8f6a811824 uniq_u16=30
68,C,0x1C3B50,0xA01C3B50,turbo_int_trq_correction2C,turbo_int_trq_correction2C,stage1_support,Turbo boost pressure,0xA4,0x1C3AAC,26,60,1,0x800AFAE4,0xA01A6538,,C_fam_unkX_unkY_1C3B50,C_fam_0146,medium: pointe DANS turbo_int_trq_correction2C @0x1C3AAC +0xA4 (Turbo boost pressure) - pas le debut; comment only; identique 64o vs 9979 au meme offset; fp32=be062a28dc97 uniq_u16=26
69,2d,0x1C4A50,0xA01C4A50,turbo_int_trq_correction2C,turbo_int_trq_correction2C,stage1_support,Turbo boost pressure,0xA4,0x1C49AC,26,60,1,0x800E6B3C,0xA01AE8AC,0xA01B5978,fam_unkX_unkY_1C4A50,fam_0004,medium: pointe DANS turbo_int_trq_correction2C @0x1C49AC +0xA4 (Turbo boost pressure) - pas le debut; comment only; identique 64o vs 9979 au meme offset; fp32=be062a28dc97 uniq_u16=26
70,C,0x1C4A50,0xA01C4A50,turbo_int_trq_correction2C,turbo_int_trq_correction2C,stage1_support,Turbo boost pressure,0xA4,0x1C49AC,26,60,1,0x800E6B58,0xA01B3860,0xA01B5978,C_fam_unkX_unkY_1C4A50,C_fam_0029,medium: pointe DANS turbo_int_trq_correction2C @0x1C49AC +0xA4 (Turbo boost pressure) - pas le debut; comment only; identique 64o vs 9979 au meme offset; fp32=be062a28dc97 uniq_u16=26
71,C,0x1C3B5C,0xA01C3B5C,turbo_int_trq_correction2C,turbo_int_trq_correction2C,stage1_support,Turbo boost pressure,0xB0,0x1C3AAC,26,60,1,0x800EABDE,0xA01A0588,,C_fam_unkX_unkY_1C3B5C,C_fam_0132,medium: pointe DANS turbo_int_trq_correction2C @0x1C3AAC +0xB0 (Turbo boost pressure) - pas le debut; comment only; identique 64o vs 9979 au meme offset; fp32=abbd808bffe4 uniq_u16=26
72,2d,0x1C59B0,0xA01C59B0,turbo_int_trq_correction2C,turbo_int_trq_correction2C,stage1_support,Turbo boost pressure,0x104,0x1C58AC,9,60,1,0x8007D762,0xA01A073C,0xA01A066C,fam_unkX_unkY_1C59B0,fam_0028,medium: pointe DANS turbo_int_trq_correction2C @0x1C58AC +0x104 (Turbo boost pressure) - pas le debut; comment only; identique 64o vs 9979 au meme offset; fp32=7c98bb0af7e0 uniq_u16=9
73,C,0x1C68D4,0xA01C68D4,turbo_int_trq_correction2C,turbo_int_trq_correction2C,stage1_support,Turbo boost pressure,0x128,0x1C67AC,9,60,1,0x800CC43E,0xA01B7820,,C_fam_D000219C_unkY_1C68D4,C_fam_0258,medium: pointe DANS turbo_int_trq_correction2C @0x1C67AC +0x128 (Turbo boost pressure) - pas le debut; comment only; identique 64o vs 9979 au meme offset; fp32=1e08386912d7 uniq_u16=9
74,C,0x1C68EC,0xA01C68EC,turbo_int_trq_correction2C,turbo_int_trq_correction2C,stage1_support,Turbo boost pressure,0x140,0x1C67AC,7,60,1,0x8008DC5E,0xA01A5460,,C_fam_unkX_unkY_1C68EC,C_fam_0141,medium: pointe DANS turbo_int_trq_correction2C @0x1C67AC +0x140 (Turbo boost pressure) - pas le debut; comment only; identique 64o vs 9979 au meme offset; fp32=a4e5491039bb uniq_u16=7
75,C,0x1C68FC,0xA01C68FC,turbo_int_trq_correction2C,turbo_int_trq_correction2C,stage1_support,Turbo boost pressure,0x150,0x1C67AC,10,60,1,0x8008D1A2,0xA01A5474,,C_fam_unkX_unkY_1C68FC,C_fam_0142,medium: pointe DANS turbo_int_trq_correction2C @0x1C67AC +0x150 (Turbo boost pressure) - pas le debut; comment only; identique 64o vs 9979 au meme offset; fp32=b2084f8fe6a3 uniq_u16=10
76,O,0x1C5A04,0xA01C5A04,turbo_int_trq_correction2C,turbo_int_trq_correction2C,stage1_support,Turbo boost pressure,0x158,0x1C58AC,4,60,1,0x8009B05C,0xA01AAAE8,0xA01A9AE8,O_fam_unkX_D0002416_1C5A04,O_fam_0002,medium: pointe DANS turbo_int_trq_correction2C @0x1C58AC +0x158 (Turbo boost pressure) - pas le debut; comment only; identique 64o vs 9979 au meme offset; fp32=72d19081a450 uniq_u16=4
77,2d,0x1C690C,0xA01C690C,turbo_int_trq_correction2C,turbo_int_trq_correction2C,stage1_support,Turbo boost pressure,0x160,0x1C67AC,16,60,1,0x801120EC,,,fam_unkX_D0001F60_1C690C,fam_0022,medium: pointe DANS turbo_int_trq_correction2C @0x1C67AC +0x160 (Turbo boost pressure) - pas le debut; comment only; identique 64o vs 9979 au meme offset; fp32=e4bb080eb0be uniq_u16=16
78,C,0x1C3A9C,0xA01C3A9C,turbo_int_trq_correction2C,turbo_int_trq_correction2C,stage1_support,Turbo boost pressure,0x170,0x1C392C,15,60,1,0x8008E6FE,0xA01AF82C,,C_fam_unkX_unkY_1C3A9C,C_fam_0033,medium: pointe DANS turbo_int_trq_correction2C @0x1C392C +0x170 (Turbo boost pressure) - pas le debut; comment only; identique 64o vs 9979 au meme offset; fp32=cfcda6b268d7 uniq_u16=15
79,B,0x1E9BC8,0xA01E9BC8,rail_base_int_trq2B,rail_base_int_trq2B,stage1_core|stage1_support,Rail pressure,0x60,0x1E9B68,22,70,1,0x800B5A96,,,B_fam_unkX_unkY_1E9BC8,B_fam_0047,medium: pointe DANS rail_base_int_trq2B @0x1E9B68 +0x60 (Rail pressure) - pas le debut; comment only; identique 64o vs 9979 au meme offset; fp32=9d493afdb99d uniq_u16=22
80,2d,0x1E9DE0,0xA01E9DE0,rail_base_int_trq2B,rail_base_int_trq2B,stage1_core|stage1_support,Rail pressure,0x78,0x1E9D68,32,70,1,0x800F5114,,,fam_unkX_unkY_1E9DE0,fam_0170,medium: pointe DANS rail_base_int_trq2B @0x1E9D68 +0x78 (Rail pressure) - pas le debut; comment only; identique 64o vs 9979 au meme offset; fp32=909ca5abf821 uniq_u16=32
81,D,0x1E98C0,0xA01E98C0,rail_base_int_trq2B,rail_base_int_trq2B,stage1_core|stage1_support,Rail pressure,0x158,0x1E9768,25,70,1,0x800C1964,,,D_fam_unkX_unkY_1E98C0,D_fam_0191,medium: pointe DANS rail_base_int_trq2B @0x1E9768 +0x158 (Rail pressure) - pas le debut; comment only; identique 64o vs 9979 au meme offset; fp32=d39833783fa7 uniq_u16=25
82,D,0x1D7ED0,0xA01D7ED0,nm2iq_base_mg3A,nm2iq_base_mg3A,stage1_core,Injection system,0x98,0x1D7E38,30,80,0,0x800B1000,0xA01B68FC,,D_fam_unkX_unkY_1D7ED0,D_fam_0010,medium: pointe DANS nm2iq_base_mg3A @0x1D7E38 +0x98 (Injection system) - pas le debut; comment only; differe de 9979 au meme offset; fp32=76c12e3313ad uniq_u16=30
83,D,0x1D7EF8,0xA01D7EF8,nm2iq_base_mg3A,nm2iq_base_mg3A,stage1_core,Injection system,0xC0,0x1D7E38,30,80,0,0x800B0FB8,0xA01AB88C,0xA01B68FC,D_fam_unkX_unkY_1D7EF8,D_fam_0045,medium: pointe DANS nm2iq_base_mg3A @0x1D7E38 +0xC0 (Injection system) - pas le debut; comment only; differe de 9979 au meme offset; fp32=b4adf2ee2cea uniq_u16=30
84,2d,0x1D7F80,0xA01D7F80,nm2iq_base_mg3A,nm2iq_base_mg3A,stage1_core,Injection system,0x148,0x1D7E38,29,80,0,0x800CC4D4,0xA01AA8E4,0xA01B3900,fam_D0002198_D000219A_1D7F80,fam_0001,medium: pointe DANS nm2iq_base_mg3A @0x1D7E38 +0x148 (Injection system) - pas le debut; comment only; differe de 9979 au meme offset; fp32=c314ad9e514d uniq_u16=29
85,2d,0x1D7FC0,0xA01D7FC0,nm2iq_base_mg3A,nm2iq_base_mg3A,stage1_core,Injection system,0x188,0x1D7E38,28,80,0,0x800CC67C,0xA01AA8E4,0xA01B3900,fam_D0002198_D000219A_1D7FC0,fam_0001,medium: pointe DANS nm2iq_base_mg3A @0x1D7E38 +0x188 (Injection system) - pas le debut; comment only; differe de 9979 au meme offset; fp32=5d0aa6739d0c uniq_u16=28
86,C,0x1D086C,0xA01D086C,tqlim_cluth_prot,tqlim_cluth_prot,clutch_prot,Engine torque limiters,0xC,0x1D0860,5,90,1,0x800FC314,0xA01A8BCC,0xA01A73D0,C_fam_D000273C_D0002754_1D086C,C_fam_0091,medium: pointe DANS tqlim_cluth_prot @0x1D0860 +0xC (Engine torque limiters) - pas le debut; comment only; identique 64o vs 9979 au meme offset; fp32=90ca3dfd1ba9 uniq_u16=5
87,C,0x1D0878,0xA01D0878,tqlim_cluth_prot,tqlim_cluth_prot,clutch_prot,Engine torque limiters,0x18,0x1D0860,5,90,1,0x800FC25A,0xA01AD908,0xA01AB87C,C_fam_unkX_unkY_1D0878,C_fam_0022,medium: pointe DANS tqlim_cluth_prot @0x1D0860 +0x18 (Engine torque limiters) - pas le debut; comment only; identique 64o vs 9979 au meme offset; fp32=427d43f8fdb4 uniq_u16=5
88,F,0x1D08BC,0xA01D08BC,tqlim_cluth_prot,tqlim_cluth_prot,clutch_prot,Engine torque limiters,0x5C,0x1D0860,8,90,1,0x80074040,,,F_fam_unkX_unkY_1D08BC,F_fam_0093,medium: pointe DANS tqlim_cluth_prot @0x1D0860 +0x5C (Engine torque limiters) - pas le debut; comment only; identique 64o vs 9979 au meme offset; fp32=0b6d4b2f6e36 uniq_u16=8
89,2d,0x1CEEF4,0xA01CEEF4,tqlim_speed2A,tqlim_speed2A,stage1_core,Engine torque limiters,0x20,0x1CEED4,1,95,1,0x800A6B86,0xA01A3444,0xA01A1448,fam_D0002810_unkY_1CEEF4,fam_0038,medium: pointe DANS tqlim_speed2A @0x1CEED4 +0x20 (Engine torque limiters) - pas le debut; comment only; identique 64o vs 9979 au meme offset; fp32=43078915d4e5 uniq_u16=1
90,2d,0x1CEF18,0xA01CEF18,tqlim_speed2A,tqlim_speed2A,stage1_core,Engine torque limiters,0x44,0x1CEED4,9,95,1,0x800B0394,0xA01B38D4,0xA01A67C4,fam_unkX_unkY_1CEF18,fam_0079,medium: pointe DANS tqlim_speed2A @0x1CEED4 +0x44 (Engine torque limiters) - pas le debut; comment only; identique 64o vs 9979 au meme offset; fp32=219795ff2744 uniq_u16=9
91,D,0x1D3618,0xA01D3618,tqlim_tegt_temp,tqlim_tegt_temp,stage1_core,Engine torque limiters,0x70,0x1D35A8,26,100,1,0x80097294,,,D_fam_D000244C_unkY_1D3618,D_fam_0017,medium: pointe DANS tqlim_tegt_temp @0x1D35A8 +0x70 (Engine torque limiters) - pas le debut; comment only; identique 64o vs 9979 au meme offset; fp32=cc1c7052f2dc uniq_u16=26
92,K,0x1D3670,0xA01D3670,tqlim_tegt_temp,tqlim_tegt_temp,stage1_core,Engine torque limiters,0xC8,0x1D35A8,27,100,1,0x8009725C,,,K_fam_unkX_unkY_1D3670,K_fam_0065,medium: pointe DANS tqlim_tegt_temp @0x1D35A8 +0xC8 (Engine torque limiters) - pas le debut; comment only; identique 64o vs 9979 au meme offset; fp32=9e7e28f28780 uniq_u16=27
93,H,0x1D3712,0xA01D3712,tqlim_tegt_temp,tqlim_tegt_temp,stage1_core,Engine torque limiters,0x16A,0x1D35A8,23,100,1,0x8009900A,,,H_fam_unkX_unkY_1D3712,H_fam_0073,medium: pointe DANS tqlim_tegt_temp @0x1D35A8 +0x16A (Engine torque limiters) - pas le debut; comment only; identique 64o vs 9979 au meme offset; fp32=197f229e9664 uniq_u16=23
94,H,0x1D3738,0xA01D3738,tqlim_tegt_temp,tqlim_tegt_temp,stage1_core,Engine torque limiters,0x190,0x1D35A8,23,100,1,0x800991D4,,,H_fam_unkX_unkY_1D3738,H_fam_0086,medium: pointe DANS tqlim_tegt_temp @0x1D35A8 +0x190 (Engine torque limiters) - pas le debut; comment only; identique 64o vs 9979 au meme offset; fp32=c1ba1c872cae uniq_u16=23
95,D,0x18E9A0,0xA018E9A0,soi_base_int_trq2A,soi_base_int_trq2A,stage1_core,Start of injection SOI,0x20,0x18E980,5,200,1,0x80094BA4,,,D_fam_unkX_unkY_18E9A0,D_fam_0173,medium: pointe DANS soi_base_int_trq2A @0x18E980 +0x20 (Start of injection SOI) - pas le debut; comment only; identique 64o vs 9979 au meme offset; fp32=a77c234a56e6 uniq_u16=5
96,I,0x195BC4,0xA0195BC4,soi_base_int_trq2A,soi_base_int_trq2A,stage1_core,Start of injection SOI,0x44,0x195B80,11,200,1,0x80094B0A,0xA01A2B64,,I_fam_unkX_unkY_195BC4,I_fam_0009,medium: pointe DANS soi_base_int_trq2A @0x195B80 +0x44 (Start of injection SOI) - pas le debut; comment only; identique 64o vs 9979 au meme offset; fp32=92238bc8c16b uniq_u16=11
97,B,0x193BC4,0xA0193BC4,soi_base_int_trq2A,soi_base_int_trq2A,stage1_core,Start of injection SOI,0x44,0x193B80,5,200,1,0x80092FE6,,,B_fam_D0002BEC_unkY_193BC4,B_fam_0010,medium: pointe DANS soi_base_int_trq2A @0x193B80 +0x44 (Start of injection SOI) - pas le debut; comment only; identique 64o vs 9979 au meme offset; fp32=e482544172de uniq_u16=5
98,E,0x19A3C8,0xA019A3C8,soi_base_int_trq2A,soi_base_int_trq2A,stage1_core,Start of injection SOI,0x48,0x19A380,29,200,1,0x800FA3F0,0xA01B0C20,,E_fam_unkX_unkY_19A3C8,E_fam_0039,medium: pointe DANS soi_base_int_trq2A @0x19A380 +0x48 (Start of injection SOI) - pas le debut; comment only; identique 64o vs 9979 au meme offset; fp32=799f1476101e uniq_u16=29
99,2d,0x19A5C8,0xA019A5C8,soi_base_int_trq2A,soi_base_int_trq2A,stage1_core,Start of injection SOI,0x48,0x19A580,28,200,1,0x800F953A,0xA01A14F0,0xA01A9984,fam_unkX_unkY_19A5C8,fam_0029,medium: pointe DANS soi_base_int_trq2A @0x19A580 +0x48 (Start of injection SOI) - pas le debut; comment only; identique 64o vs 9979 au meme offset; fp32=be6820ad1e07 uniq_u16=28
100,B,0x19A7D0,0xA019A7D0,soi_base_int_trq2A,soi_base_int_trq2A,stage1_core,Start of injection SOI,0x50,0x19A780,27,200,1,0x800AEF4C,0xA01AB21C,0xA01A5518,B_fam_D0001FB4_unkY_19A7D0,B_fam_0018,medium: pointe DANS soi_base_int_trq2A @0x19A780 +0x50 (Start of injection SOI) - pas le debut; comment only; identique 64o vs 9979 au meme offset; fp32=96f8720217c4 uniq_u16=27
101,C,0x19A7D0,0xA019A7D0,soi_base_int_trq2A,soi_base_int_trq2A,stage1_core,Start of injection SOI,0x50,0x19A780,27,200,1,0x800AEF66,0xA01A0654,0xA01A5518,C_fam_unkX_unkY_19A7D0,C_fam_0048,medium: pointe DANS soi_base_int_trq2A @0x19A780 +0x50 (Start of injection SOI) - pas le debut; comment only; identique 64o vs 9979 au meme offset; fp32=96f8720217c4 uniq_u16=27
102,C,0x19ADD0,0xA019ADD0,soi_base_int_trq2A,soi_base_int_trq2A,stage1_core,Start of injection SOI,0x50,0x19AD80,27,200,1,0x8009B98A,,,C_fam_D0002800_D0000808_19ADD0,C_fam_0185,medium: pointe DANS soi_base_int_trq2A @0x19AD80 +0x50 (Start of injection SOI) - pas le debut; comment only; identique 64o vs 9979 au meme offset; fp32=96f8720217c4 uniq_u16=27
103,2d,0x19A3D4,0xA019A3D4,soi_base_int_trq2A,soi_base_int_trq2A,stage1_core,Start of injection SOI,0x54,0x19A380,26,200,1,0x800EF718,0xA01AB1DC,0xA01B1800,fam_unkX_unkY_19A3D4,fam_0067,medium: pointe DANS soi_base_int_trq2A @0x19A380 +0x54 (Start of injection SOI) - pas le debut; comment only; identique 64o vs 9979 au meme offset; fp32=e17e55f4e333 uniq_u16=26
104,2d,0x1997D8,0xA01997D8,soi_base_int_trq2A,soi_base_int_trq2A,stage1_core,Start of injection SOI,0x58,0x199780,13,200,1,0x800AE048,0xA01B9998,,fam_D0001FA2_unkY_1997D8,fam_0128,medium: pointe DANS soi_base_int_trq2A @0x199780 +0x58 (Start of injection SOI) - pas le debut; comment only; identique 64o vs 9979 au meme offset; fp32=faace13a578f uniq_u16=13
105,C,0x1993E0,0xA01993E0,soi_base_int_trq2A,soi_base_int_trq2A,stage1_core,Start of injection SOI,0x60,0x199380,19,200,1,0x800FC2C8,0xA01B1744,,C_fam_unkX_D0002754_1993E0,C_fam_0224,medium: pointe DANS soi_base_int_trq2A @0x199380 +0x60 (Start of injection SOI) - pas le debut; comment only; identique 64o vs 9979 au meme offset; fp32=8cf8feab4768 uniq_u16=19
106,C,0x1997E8,0xA01997E8,soi_base_int_trq2A,soi_base_int_trq2A,stage1_core,Start of injection SOI,0x68,0x199780,12,200,1,0x800ADE62,,,C_fam_unkX_unkY_1997E8,C_fam_0294,medium: pointe DANS soi_base_int_trq2A @0x199780 +0x68 (Start of injection SOI) - pas le debut; comment only; identique 64o vs 9979 au meme offset; fp32=43eb762b04a5 uniq_u16=12
107,C,0x19A7EC,0xA019A7EC,soi_base_int_trq2A,soi_base_int_trq2A,stage1_core,Start of injection SOI,0x6C,0x19A780,25,200,1,0x801125E6,0xA01A06F8,0xA01BB9F8,C_fam_D0001F2A_D0001F34_19A7EC,C_fam_0050,medium: pointe DANS soi_base_int_trq2A @0x19A780 +0x6C (Start of injection SOI) - pas le debut; comment only; identique 64o vs 9979 au meme offset; fp32=4f061747de5a uniq_u16=25
108,L,0x19ABEC,0xA019ABEC,soi_base_int_trq2A,soi_base_int_trq2A,stage1_core,Start of injection SOI,0x6C,0x19AB80,23,200,1,0x800A49DA,0xA01A7BF8,0xA01A7BF8,L_fam_unkX_unkY_19ABEC,L_fam_0004,medium: pointe DANS soi_base_int_trq2A @0x19AB80 +0x6C (Start of injection SOI) - pas le debut; comment only; identique 64o vs 9979 au meme offset; fp32=af8f283c4c1a uniq_u16=23
109,2d,0x1993F0,0xA01993F0,soi_base_int_trq2A,soi_base_int_trq2A,stage1_core,Start of injection SOI,0x70,0x199380,16,200,1,0x800FB4CC,0xA01A63E4,0xA01AD6E4,fam_D0002780_D0002782_1993F0,fam_0050,medium: pointe DANS soi_base_int_trq2A @0x199380 +0x70 (Start of injection SOI) - pas le debut; comment only; identique 64o vs 9979 au meme offset; fp32=707439c7b404 uniq_u16=16
110,I,0x18DBF0,0xA018DBF0,soi_base_int_trq2A,soi_base_int_trq2A,stage1_core,Start of injection SOI,0x70,0x18DB80,9,200,1,0x800925AE,,,I_fam_unkX_unkY_18DBF0,I_fam_0078,medium: pointe DANS soi_base_int_trq2A @0x18DB80 +0x70 (Start of injection SOI) - pas le debut; comment only; identique 64o vs 9979 au meme offset; fp32=d02b0dd02f8f uniq_u16=9
111,N,0x19ADF4,0xA019ADF4,soi_base_int_trq2A,soi_base_int_trq2A,stage1_core,Start of injection SOI,0x74,0x19AD80,27,200,1,0x800C8612,,,N_fam_unkX_unkY_19ADF4,N_fam_0028,medium: pointe DANS soi_base_int_trq2A @0x19AD80 +0x74 (Start of injection SOI) - pas le debut; comment only; identique 64o vs 9979 au meme offset; fp32=6a5eca574e4e uniq_u16=27
112,B,0x1997F4,0xA01997F4,soi_base_int_trq2A,soi_base_int_trq2A,stage1_core,Start of injection SOI,0x74,0x199780,11,200,1,0x800C69C8,0xA01BD9C4,,B_fam_unkX_unkY_1997F4,B_fam_0028,medium: pointe DANS soi_base_int_trq2A @0x199780 +0x74 (Start of injection SOI) - pas le debut; comment only; identique 64o vs 9979 au meme offset; fp32=dc66406b5fb5 uniq_u16=11
113,H,0x198BF8,0xA0198BF8,soi_base_int_trq2A,soi_base_int_trq2A,stage1_core,Start of injection SOI,0x78,0x198B80,10,200,1,0x800A492C,0xA01A7BE0,,H_fam_unkX_unkY_198BF8,H_fam_0011,medium: pointe DANS soi_base_int_trq2A @0x198B80 +0x78 (Start of injection SOI) - pas le debut; comment only; identique 64o vs 9979 au meme offset; fp32=837711c9ffc4 uniq_u16=10
114,D,0x1909FC,0xA01909FC,soi_base_int_trq2A,soi_base_int_trq2A,stage1_core,Start of injection SOI,0x7C,0x190980,22,200,1,0x80094C46,,,D_fam_unkX_unkY_1909FC,D_fam_0174,medium: pointe DANS soi_base_int_trq2A @0x190980 +0x7C (Start of injection SOI) - pas le debut; comment only; identique 64o vs 9979 au meme offset; fp32=4fb819a36d9b uniq_u16=22
115,D,0x19A5FC,0xA019A5FC,soi_base_int_trq2A,soi_base_int_trq2A,stage1_core,Start of injection SOI,0x7C,0x19A580,17,200,1,0x800E0C50,,,D_fam_unkX_unkY_19A5FC,D_fam_0213,medium: pointe DANS soi_base_int_trq2A @0x19A580 +0x7C (Start of injection SOI) - pas le debut; comment only; identique 64o vs 9979 au meme offset; fp32=d353b7b11453 uniq_u16=17
116,F,0x18EC00,0xA018EC00,soi_base_int_trq2A,soi_base_int_trq2A,stage1_core,Start of injection SOI,0x80,0x18EB80,20,200,1,0x80092526,,,F_fam_unkX_unkY_18EC00,F_fam_0101,medium: pointe DANS soi_base_int_trq2A @0x18EB80 +0x80 (Start of injection SOI) - pas le debut; comment only; identique 64o vs 9979 au meme offset; fp32=424d70699458 uniq_u16=20
117,D,0x19940C,0xA019940C,soi_base_int_trq2A,soi_base_int_trq2A,stage1_core,Start of injection SOI,0x8C,0x199380,19,200,1,0x800E2CAA,,,D_fam_unkX_unkY_19940C,D_fam_0214,medium: pointe DANS soi_base_int_trq2A @0x199380 +0x8C (Start of injection SOI) - pas le debut; comment only; identique 64o vs 9979 au meme offset; fp32=c189ad71ccbe uniq_u16=19
118,I,0x19940C,0xA019940C,soi_base_int_trq2A,soi_base_int_trq2A,stage1_core,Start of injection SOI,0x8C,0x199380,19,200,1,0x800E2CBE,0xA01B6718,,I_fam_unkX_unkY_19940C,I_fam_0056,medium: pointe DANS soi_base_int_trq2A @0x199380 +0x8C (Start of injection SOI) - pas le debut; comment only; identique 64o vs 9979 au meme offset; fp32=c189ad71ccbe uniq_u16=19
119,I,0x18CC0C,0xA018CC0C,soi_base_int_trq2A,soi_base_int_trq2A,stage1_core,Start of injection SOI,0x8C,0x18CB80,16,200,1,0x80094A4C,,,I_fam_unkX_D0002BFA_18CC0C,I_fam_0023,medium: pointe DANS soi_base_int_trq2A @0x18CB80 +0x8C (Start of injection SOI) - pas le debut; comment only; identique 64o vs 9979 au meme offset; fp32=a86af58abb38 uniq_u16=16
120,D,0x18EA14,0xA018EA14,soi_base_int_trq2A,soi_base_int_trq2A,stage1_core,Start of injection SOI,0x94,0x18E980,17,200,1,0x800927C0,,,D_fam_unkX_unkY_18EA14,D_fam_0150,medium: pointe DANS soi_base_int_trq2A @0x18E980 +0x94 (Start of injection SOI) - pas le debut; comment only; identique 64o vs 9979 au meme offset; fp32=4cad6db99bd7 uniq_u16=17
121,G,0x19AC28,0xA019AC28,soi_base_int_trq2A,soi_base_int_trq2A,stage1_core,Start of injection SOI,0xA8,0x19AB80,19,200,1,0x8009B5A2,0xA01A0C14,,G_fam_D0010000_D000BADA_19AC28,G_fam_0077,medium: pointe DANS soi_base_int_trq2A @0x19AB80 +0xA8 (Start of injection SOI) - pas le debut; comment only; identique 64o vs 9979 au meme offset; fp32=77ee5fb924e9 uniq_u16=19
122,E,0x18DC30,0xA018DC30,soi_base_int_trq2A,soi_base_int_trq2A,stage1_core,Start of injection SOI,0xB0,0x18DB80,18,200,1,0x8009300C,,,E_fam_D0002BEC_unkY_18DC30,E_fam_0075,medium: pointe DANS soi_base_int_trq2A @0x18DB80 +0xB0 (Start of injection SOI) - pas le debut; comment only; identique 64o vs 9979 au meme offset; fp32=dd01b7126b93 uniq_u16=18
123,I,0x192C34,0xA0192C34,soi_base_int_trq2A,soi_base_int_trq2A,stage1_core,Start of injection SOI,0xB4,0x192B80,19,200,1,0x800926A4,,,I_fam_unkX_unkY_192C34,I_fam_0079,medium: pointe DANS soi_base_int_trq2A @0x192B80 +0xB4 (Start of injection SOI) - pas le debut; comment only; identique 64o vs 9979 au meme offset; fp32=0173eee38451 uniq_u16=19
124,C,0x19A438,0xA019A438,soi_base_int_trq2A,soi_base_int_trq2A,stage1_core,Start of injection SOI,0xB8,0x19A380,24,200,1,0x80087920,0xA01A88EC,0xA01A14C4,C_fam_unkX_unkY_19A438,C_fam_0090,medium: pointe DANS soi_base_int_trq2A @0x19A380 +0xB8 (Start of injection SOI) - pas le debut; comment only; identique 64o vs 9979 au meme offset; fp32=590f5c5ac193 uniq_u16=24
125,G,0x199640,0xA0199640,soi_base_int_trq2A,soi_base_int_trq2A,stage1_core,Start of injection SOI,0xC0,0x199580,20,200,1,0x800F0652,0xA01AA898,0xA01A666C,G_fam_D00022AA_unkY_199640,G_fam_0041,medium: pointe DANS soi_base_int_trq2A @0x199580 +0xC0 (Start of injection SOI) - pas le debut; comment only; identique 64o vs 9979 au meme offset; fp32=8d5b9e745fcf uniq_u16=20
126,F,0x19A644,0xA019A644,soi_base_int_trq2A,soi_base_int_trq2A,stage1_core,Start of injection SOI,0xC4,0x19A580,24,200,1,0x800F029A,0xA01AC820,,F_fam_unkX_unkY_19A644,F_fam_0021,medium: pointe DANS soi_base_int_trq2A @0x19A580 +0xC4 (Start of injection SOI) - pas le debut; comment only; identique 64o vs 9979 au meme offset; fp32=f6c03f5a2aed uniq_u16=24
127,G,0x19A644,0xA019A644,soi_base_int_trq2A,soi_base_int_trq2A,stage1_core,Start of injection SOI,0xC4,0x19A580,24,200,1,0x800F0286,0xA01AC820,,G_fam_unkX_unkY_19A644,G_fam_0068,medium: pointe DANS soi_base_int_trq2A @0x19A580 +0xC4 (Start of injection SOI) - pas le debut; comment only; identique 64o vs 9979 au meme offset; fp32=f6c03f5a2aed uniq_u16=24
128,D,0x18CA48,0xA018CA48,soi_base_int_trq2A,soi_base_int_trq2A,stage1_core,Start of injection SOI,0xC8,0x18C980,21,200,1,0x80093560,,,D_fam_unkX_unkY_18CA48,D_fam_0160,medium: pointe DANS soi_base_int_trq2A @0x18C980 +0xC8 (Start of injection SOI) - pas le debut; comment only; identique 64o vs 9979 au meme offset; fp32=83bfb61653c0 uniq_u16=21
129,F,0x18D848,0xA018D848,soi_base_int_trq2A,soi_base_int_trq2A,stage1_core,Start of injection SOI,0xC8,0x18D780,21,200,0,0x800E5EF2,,,F_fam_unkX_unkY_18D848,F_fam_0171,medium: pointe DANS soi_base_int_trq2A @0x18D780 +0xC8 (Start of injection SOI) - pas le debut; comment only; differe de 9979 au meme offset; fp32=5bf45e796984 uniq_u16=21
130,E,0x199448,0xA0199448,soi_base_int_trq2A,soi_base_int_trq2A,stage1_core,Start of injection SOI,0xC8,0x199380,17,200,1,0x80087894,0xA01B5820,0xA01A6600,E_fam_D000248E_D000247C_199448,E_fam_0027,medium: pointe DANS soi_base_int_trq2A @0x199380 +0xC8 (Start of injection SOI) - pas le debut; comment only; identique 64o vs 9979 au meme offset; fp32=aafd5d76bd43 uniq_u16=17
131,C,0x19A44C,0xA019A44C,soi_base_int_trq2A,soi_base_int_trq2A,stage1_core,Start of injection SOI,0xCC,0x19A380,25,200,1,0x8007C648,0xA01A467C,,C_fam_unkX_unkY_19A44C,C_fam_0138,medium: pointe DANS soi_base_int_trq2A @0x19A380 +0xCC (Start of injection SOI) - pas le debut; comment only; identique 64o vs 9979 au meme offset; fp32=acc87daf861b uniq_u16=25
132,D,0x191A50,0xA0191A50,soi_base_int_trq2A,soi_base_int_trq2A,stage1_core,Start of injection SOI,0xD0,0x191980,30,200,1,0x80094BD8,,,D_fam_unkX_D0002BF2_191A50,D_fam_0012,medium: pointe DANS soi_base_int_trq2A @0x191980 +0xD0 (Start of injection SOI) - pas le debut; comment only; identique 64o vs 9979 au meme offset; fp32=3acd96879efb uniq_u16=30
133,D,0x19A654,0xA019A654,soi_base_int_trq2A,soi_base_int_trq2A,stage1_core,Start of injection SOI,0xD4,0x19A580,27,200,1,0x800CB7D2,,,D_fam_unkX_unkY_19A654,D_fam_0206,medium: pointe DANS soi_base_int_trq2A @0x19A580 +0xD4 (Start of injection SOI) - pas le debut; comment only; identique 64o vs 9979 au meme offset; fp32=fe42a97d6e97 uniq_u16=27
134,I,0x19A654,0xA019A654,soi_base_int_trq2A,soi_base_int_trq2A,stage1_core,Start of injection SOI,0xD4,0x19A580,27,200,1,0x800CB7DE,0xA01BA9B8,,I_fam_unkX_unkY_19A654,I_fam_0059,medium: pointe DANS soi_base_int_trq2A @0x19A580 +0xD4 (Start of injection SOI) - pas le debut; comment only; identique 64o vs 9979 au meme offset; fp32=fe42a97d6e97 uniq_u16=27
135,2d,0x18C858,0xA018C858,soi_base_int_trq2A,soi_base_int_trq2A,stage1_core,Start of injection SOI,0xD8,0x18C780,32,200,1,0x800DD096,,,fam_unkX_unkY_18C858,fam_0148,medium: pointe DANS soi_base_int_trq2A @0x18C780 +0xD8 (Start of injection SOI) - pas le debut; comment only; identique 64o vs 9979 au meme offset; fp32=021781989418 uniq_u16=32
136,D,0x18CA58,0xA018CA58,soi_base_int_trq2A,soi_base_int_trq2A,stage1_core,Start of injection SOI,0xD8,0x18C980,23,200,1,0x800934E0,,,D_fam_unkX_unkY_18CA58,D_fam_0159,medium: pointe DANS soi_base_int_trq2A @0x18C980 +0xD8 (Start of injection SOI) - pas le debut; comment only; identique 64o vs 9979 au meme offset; fp32=81a26b496695 uniq_u16=23
137,D,0x195A58,0xA0195A58,soi_base_int_trq2A,soi_base_int_trq2A,stage1_core,Start of injection SOI,0xD8,0x195980,20,200,1,0x80094A68,,,D_fam_unkX_D0002BFA_195A58,D_fam_0016,medium: pointe DANS soi_base_int_trq2A @0x195980 +0xD8 (Start of injection SOI) - pas le debut; comment only; identique 64o vs 9979 au meme offset; fp32=bc4079031cbc uniq_u16=20
138,C,0x19945C,0xA019945C,soi_base_int_trq2A,soi_base_int_trq2A,stage1_core,Start of injection SOI,0xDC,0x199380,21,200,1,0x800C5524,0xA01AE95C,,C_fam_D00028DC_D00028F2_19945C,C_fam_0202,medium: pointe DANS soi_base_int_trq2A @0x199380 +0xDC (Start of injection SOI) - pas le debut; comment only; identique 64o vs 9979 au meme offset; fp32=7b69a85fd64e uniq_u16=21
139,D,0x192A60,0xA0192A60,soi_base_int_trq2A,soi_base_int_trq2A,stage1_core,Start of injection SOI,0xE0,0x192980,24,200,1,0x80094C7A,,,D_fam_unkX_D0002BF4_192A60,D_fam_0013,medium: pointe DANS soi_base_int_trq2A @0x192980 +0xE0 (Start of injection SOI) - pas le debut; comment only; identique 64o vs 9979 au meme offset; fp32=21a23760bbec uniq_u16=24
140,D,0x197A60,0xA0197A60,soi_base_int_trq2A,soi_base_int_trq2A,stage1_core,Start of injection SOI,0xE0,0x197980,12,200,1,0x8009968E,,,D_fam_D0002824_D0002814_197A60,D_fam_0114,medium: pointe DANS soi_base_int_trq2A @0x197980 +0xE0 (Start of injection SOI) - pas le debut; comment only; identique 64o vs 9979 au meme offset; fp32=7ba03bbf31ed uniq_u16=12
141,2d,0x19A468,0xA019A468,soi_base_int_trq2A,soi_base_int_trq2A,stage1_core,Start of injection SOI,0xE8,0x19A380,30,200,1,0x8007F178,0xA01AB908,0xA01AE8E0,fam_unkX_unkY_19A468,fam_0013,medium: pointe DANS soi_base_int_trq2A @0x19A380 +0xE8 (Start of injection SOI) - pas le debut; comment only; identique 64o vs 9979 au meme offset; fp32=34fe461b4ff5 uniq_u16=30
142,N,0x19A468,0xA019A468,soi_base_int_trq2A,soi_base_int_trq2A,stage1_core,Start of injection SOI,0xE8,0x19A380,30,200,1,0x8007F14A,0xA01AA70C,0xA01A070C,N_fam_unkX_unkY_19A468,N_fam_0007,medium: pointe DANS soi_base_int_trq2A @0x19A380 +0xE8 (Start of injection SOI) - pas le debut; comment only; identique 64o vs 9979 au meme offset; fp32=34fe461b4ff5 uniq_u16=30
143,C,0x19946C,0xA019946C,soi_base_int_trq2A,soi_base_int_trq2A,stage1_core,Start of injection SOI,0xEC,0x199380,25,200,1,0x8008637C,0xA01AC1B4,,C_fam_unkX_D0003018_19946C,C_fam_0233,medium: pointe DANS soi_base_int_trq2A @0x199380 +0xEC (Start of injection SOI) - pas le debut; comment only; identique 64o vs 9979 au meme offset; fp32=f6681139506a uniq_u16=25
144,K,0x18EA6C,0xA018EA6C,soi_base_int_trq2A,soi_base_int_trq2A,stage1_core,Start of injection SOI,0xEC,0x18E980,21,200,1,0x80092598,,,K_fam_unkX_unkY_18EA6C,K_fam_0040,medium: pointe DANS soi_base_int_trq2A @0x18E980 +0xEC (Start of injection SOI) - pas le debut; comment only; identique 64o vs 9979 au meme offset; fp32=9726cfc64e89 uniq_u16=21
145,2d,0x18C870,0xA018C870,soi_base_int_trq2A,soi_base_int_trq2A,stage1_core,Start of injection SOI,0xF0,0x18C780,31,200,1,0x800DD0CE,,,fam_unkX_unkY_18C870,fam_0149,medium: pointe DANS soi_base_int_trq2A @0x18C780 +0xF0 (Start of injection SOI) - pas le debut; comment only; identique 64o vs 9979 au meme offset; fp32=9d38e4680231 uniq_u16=31
146,K,0x18CA74,0xA018CA74,soi_base_int_trq2A,soi_base_int_trq2A,stage1_core,Start of injection SOI,0xF4,0x18C980,21,200,1,0x80092490,,,K_fam_unkX_unkY_18CA74,K_fam_0039,medium: pointe DANS soi_base_int_trq2A @0x18C980 +0xF4 (Start of injection SOI) - pas le debut; comment only; identique 64o vs 9979 au meme offset; fp32=95b38b27de52 uniq_u16=21
147,N,0x19A678,0xA019A678,soi_base_int_trq2A,soi_base_int_trq2A,stage1_core,Start of injection SOI,0xF8,0x19A580,29,200,1,0x800F3ED0,,,N_fam_D0001D50_unkY_19A678,N_fam_0023,medium: pointe DANS soi_base_int_trq2A @0x19A580 +0xF8 (Start of injection SOI) - pas le debut; comment only; identique 64o vs 9979 au meme offset; fp32=7b5fdcfcddd1 uniq_u16=29
148,2d,0x19947C,0xA019947C,soi_base_int_trq2A,soi_base_int_trq2A,stage1_core,Start of injection SOI,0xFC,0x199380,26,200,1,0x80085F44,0xA01B6928,0xA01B0938,fam_unkX_unkY_19947C,fam_0088,medium: pointe DANS soi_base_int_trq2A @0x199380 +0xFC (Start of injection SOI) - pas le debut; comment only; identique 64o vs 9979 au meme offset; fp32=774f3bd67e53 uniq_u16=26
149,E,0x19947C,0xA019947C,soi_base_int_trq2A,soi_base_int_trq2A,stage1_core,Start of injection SOI,0xFC,0x199380,26,200,1,0x80085F7E,0xA01A86D0,0xA01B0938,E_fam_unkX_unkY_19947C,E_fam_0016,medium: pointe DANS soi_base_int_trq2A @0x199380 +0xFC (Start of injection SOI) - pas le debut; comment only; identique 64o vs 9979 au meme offset; fp32=774f3bd67e53 uniq_u16=26
150,F,0x18E080,0xA018E080,soi_base_int_trq2A,soi_base_int_trq2A,stage1_core,Start of injection SOI,0x100,0x18DF80,29,200,1,0x8009261C,,,F_fam_unkX_unkY_18E080,F_fam_0103,medium: pointe DANS soi_base_int_trq2A @0x18DF80 +0x100 (Start of injection SOI) - pas le debut; comment only; identique 64o vs 9979 au meme offset; fp32=e8c105090295 uniq_u16=29
151,L,0x199484,0xA0199484,soi_base_int_trq2A,soi_base_int_trq2A,stage1_core,Start of injection SOI,0x104,0x199380,26,200,1,0x8009B7A6,0xA01B39E8,,L_fam_unkX_unkY_199484,L_fam_0029,medium: pointe DANS soi_base_int_trq2A @0x199380 +0x104 (Start of injection SOI) - pas le debut; comment only; identique 64o vs 9979 au meme offset; fp32=8d13ba411091 uniq_u16=26
152,L,0x19A488,0xA019A488,soi_base_int_trq2A,soi_base_int_trq2A,stage1_core,Start of injection SOI,0x108,0x19A380,27,200,1,0x800B200E,0xA01B4B0C,,L_fam_unkX_unkY_19A488,L_fam_0030,medium: pointe DANS soi_base_int_trq2A @0x19A380 +0x108 (Start of injection SOI) - pas le debut; comment only; identique 64o vs 9979 au meme offset; fp32=17e29b3d8959 uniq_u16=27
153,F,0x195A8C,0xA0195A8C,soi_base_int_trq2A,soi_base_int_trq2A,stage1_core,Start of injection SOI,0x10C,0x195980,18,200,1,0x8009358E,0xA01A4B9C,,F_fam_unkX_unkY_195A8C,F_fam_0075,medium: pointe DANS soi_base_int_trq2A @0x195980 +0x10C (Start of injection SOI) - pas le debut; comment only; identique 64o vs 9979 au meme offset; fp32=770f6ebba6a4 uniq_u16=18
154,J,0x199490,0xA0199490,soi_base_int_trq2A,soi_base_int_trq2A,stage1_core,Start of injection SOI,0x110,0x199380,25,200,1,0x8009A598,0xA01ABAC8,,J_fam_unkX_unkY_199490,J_fam_0034,medium: pointe DANS soi_base_int_trq2A @0x199380 +0x110 (Start of injection SOI) - pas le debut; comment only; identique 64o vs 9979 au meme offset; fp32=ea757f7eea17 uniq_u16=25
155,C,0x19A494,0xA019A494,soi_base_int_trq2A,soi_base_int_trq2A,stage1_core,Start of injection SOI,0x114,0x19A380,27,200,1,0x80114B3C,0xA01B6C34,,C_fam_D0002D44_unkY_19A494,C_fam_0271,medium: pointe DANS soi_base_int_trq2A @0x19A380 +0x114 (Start of injection SOI) - pas le debut; comment only; identique 64o vs 9979 au meme offset; fp32=7c24c99abddf uniq_u16=27
156,K,0x196A98,0xA0196A98,soi_base_int_trq2A,soi_base_int_trq2A,stage1_core,Start of injection SOI,0x118,0x196980,27,200,1,0x80094994,0xA01A0B44,,K_fam_unkX_unkY_196A98,K_fam_0002,medium: pointe DANS soi_base_int_trq2A @0x196980 +0x118 (Start of injection SOI) - pas le debut; comment only; identique 64o vs 9979 au meme offset; fp32=6a88b9434c2a uniq_u16=27
157,F,0x195A9C,0xA0195A9C,soi_base_int_trq2A,soi_base_int_trq2A,stage1_core,Start of injection SOI,0x11C,0x195980,21,200,1,0x80093516,,,F_fam_unkX_unkY_195A9C,F_fam_0119,medium: pointe DANS soi_base_int_trq2A @0x195980 +0x11C (Start of injection SOI) - pas le debut; comment only; identique 64o vs 9979 au meme offset; fp32=259d43238abd uniq_u16=21
158,K,0x191AA0,0xA0191AA0,soi_base_int_trq2A,soi_base_int_trq2A,stage1_core,Start of injection SOI,0x120,0x191980,25,200,1,0x8009268E,,,K_fam_unkX_unkY_191AA0,K_fam_0041,medium: pointe DANS soi_base_int_trq2A @0x191980 +0x120 (Start of injection SOI) - pas le debut; comment only; identique 64o vs 9979 au meme offset; fp32=43c5b096e94c uniq_u16=25
159,K,0x197AA8,0xA0197AA8,soi_base_int_trq2A,soi_base_int_trq2A,stage1_core,Start of injection SOI,0x128,0x197980,10,200,1,0x80094A34,0xA01A0B7C,,K_fam_unkX_unkY_197AA8,K_fam_0003,medium: pointe DANS soi_base_int_trq2A @0x197980 +0x128 (Start of injection SOI) - pas le debut; comment only; identique 64o vs 9979 au meme offset; fp32=5bf06c313748 uniq_u16=10
160,K,0x195AAC,0xA0195AAC,soi_base_int_trq2A,soi_base_int_trq2A,stage1_core,Start of injection SOI,0x12C,0x195980,21,200,1,0x800948F2,,,K_fam_unkX_unkY_195AAC,K_fam_0063,medium: pointe DANS soi_base_int_trq2A @0x195980 +0x12C (Start of injection SOI) - pas le debut; comment only; identique 64o vs 9979 au meme offset; fp32=eba61cea37bd uniq_u16=21
161,E,0x1996B8,0xA01996B8,soi_base_int_trq2A,soi_base_int_trq2A,stage1_core,Start of injection SOI,0x138,0x199580,16,200,1,0x8012072C,0xA01A92AC,0xA01AB2AC,E_fam_unkX_unkY_1996B8,E_fam_0021,medium: pointe DANS soi_base_int_trq2A @0x199580 +0x138 (Start of injection SOI) - pas le debut; comment only; identique 64o vs 9979 au meme offset; fp32=4df6eaa911a8 uniq_u16=16
162,G,0x18EABC,0xA018EABC,soi_base_int_trq2A,soi_base_int_trq2A,stage1_core,Start of injection SOI,0x13C,0x18E980,21,200,1,0x800925F2,,,G_fam_unkX_unkY_18EABC,G_fam_0086,medium: pointe DANS soi_base_int_trq2A @0x18E980 +0x13C (Start of injection SOI) - pas le debut; comment only; identique 64o vs 9979 au meme offset; fp32=d66ec04e3d14 uniq_u16=21
163,I,0x1996D8,0xA01996D8,soi_base_int_trq2A,soi_base_int_trq2A,stage1_core,Start of injection SOI,0x158,0x199580,16,200,1,0x800E23DC,0xA01BD958,0xA01AA5FC,I_fam_unkX_unkY_1996D8,I_fam_0046,medium: pointe DANS soi_base_int_trq2A @0x199580 +0x158 (Start of injection SOI) - pas le debut; comment only; identique 64o vs 9979 au meme offset; fp32=52780d15610f uniq_u16=16
164,K,0x1996D8,0xA01996D8,soi_base_int_trq2A,soi_base_int_trq2A,stage1_core,Start of injection SOI,0x158,0x199580,16,200,1,0x800E23C6,0xA01AA5FC,,K_fam_unkX_unkY_1996D8,K_fam_0019,medium: pointe DANS soi_base_int_trq2A @0x199580 +0x158 (Start of injection SOI) - pas le debut; comment only; identique 64o vs 9979 au meme offset; fp32=52780d15610f uniq_u16=16
165,F,0x18E500,0xA018E500,soi_base_int_trq2A,soi_base_int_trq2A,stage1_core,Start of injection SOI,0x180,0x18E380,15,200,1,0x80092712,,,F_fam_unkX_unkY_18E500,F_fam_0105,medium: pointe DANS soi_base_int_trq2A @0x18E380 +0x180 (Start of injection SOI) - pas le debut; comment only; identique 64o vs 9979 au meme offset; fp32=26fafd11e165 uniq_u16=15
166,G,0x196B04,0xA0196B04,soi_base_int_trq2A,soi_base_int_trq2A,stage1_core,Start of injection SOI,0x184,0x196980,22,200,1,0x80094BEE,,,G_fam_unkX_D0002BF2_196B04,G_fam_0011,medium: pointe DANS soi_base_int_trq2A @0x196980 +0x184 (Start of injection SOI) - pas le debut; comment only; identique 64o vs 9979 au meme offset; fp32=fc92600ee159 uniq_u16=22
167,G,0x18CB04,0xA018CB04,soi_base_int_trq2A,soi_base_int_trq2A,stage1_core,Start of injection SOI,0x184,0x18C980,13,200,1,0x800996A4,,,G_fam_unkX_unkY_18CB04,G_fam_0109,medium: pointe DANS soi_base_int_trq2A @0x18C980 +0x184 (Start of injection SOI) - pas le debut; comment only; identique 64o vs 9979 au meme offset; fp32=acc1e00e875c uniq_u16=13
168,C,0x19A708,0xA019A708,soi_base_int_trq2A,soi_base_int_trq2A,stage1_core,Start of injection SOI,0x188,0x19A580,31,200,1,0x800F1E54,0xA01B9AE8,0xA01AC800,C_fam_unkX_unkY_19A708,C_fam_0128,medium: pointe DANS soi_base_int_trq2A @0x19A580 +0x188 (Start of injection SOI) - pas le debut; comment only; identique 64o vs 9979 au meme offset; fp32=16c9eebf3b87 uniq_u16=31
169,G,0x197B14,0xA0197B14,soi_base_int_trq2A,soi_base_int_trq2A,stage1_core,Start of injection SOI,0x194,0x197980,18,200,1,0x80094C90,,,G_fam_unkX_D0002BF4_197B14,G_fam_0012,medium: pointe DANS soi_base_int_trq2A @0x197980 +0x194 (Start of injection SOI) - pas le debut; comment only; identique 64o vs 9979 au meme offset; fp32=dd14fb69c033 uniq_u16=18
170,C,0x19A718,0xA019A718,soi_base_int_trq2A,soi_base_int_trq2A,stage1_core,Start of injection SOI,0x198,0x19A580,29,200,1,0x800E2F98,0xA01BAAC4,,C_fam_D0002230_D0002232_19A718,C_fam_0198,medium: pointe DANS soi_base_int_trq2A @0x19A580 +0x198 (Start of injection SOI) - pas le debut; comment only; identique 64o vs 9979 au meme offset; fp32=4ba97b5ea53e uniq_u16=29
171,F,0x18EB18,0xA018EB18,soi_base_int_trq2A,soi_base_int_trq2A,stage1_core,Start of injection SOI,0x198,0x18E980,14,200,1,0x80099700,0xA01A1B9C,,F_fam_unkX_unkY_18EB18,F_fam_0073,medium: pointe DANS soi_base_int_trq2A @0x18E980 +0x198 (Start of injection SOI) - pas le debut; comment only; identique 64o vs 9979 au meme offset; fp32=577042b5e328 uniq_u16=14
172,G,0x18EB18,0xA018EB18,soi_base_int_trq2A,soi_base_int_trq2A,stage1_core,Start of injection SOI,0x198,0x18E980,14,200,1,0x800996EA,,,G_fam_unkX_unkY_18EB18,G_fam_0110,medium: pointe DANS soi_base_int_trq2A @0x18E980 +0x198 (Start of injection SOI) - pas le debut; comment only; identique 64o vs 9979 au meme offset; fp32=577042b5e328 uniq_u16=14
173,F,0x18DB1C,0xA018DB1C,soi_base_int_trq2A,soi_base_int_trq2A,stage1_core,Start of injection SOI,0x19C,0x18D980,13,200,1,0x800997EE,0xA01A0B8C,,F_fam_unkX_unkY_18DB1C,F_fam_0072,medium: pointe DANS soi_base_int_trq2A @0x18D980 +0x19C (Start of injection SOI) - pas le debut; comment only; identique 64o vs 9979 au meme offset; fp32=d4ef65b55a76 uniq_u16=13
174,G,0x18DB1C,0xA018DB1C,soi_base_int_trq2A,soi_base_int_trq2A,stage1_core,Start of injection SOI,0x19C,0x18D980,13,200,1,0x800997DA,0xA01A2B84,,G_fam_unkX_unkY_18DB1C,G_fam_0067,medium: pointe DANS soi_base_int_trq2A @0x18D980 +0x19C (Start of injection SOI) - pas le debut; comment only; identique 64o vs 9979 au meme offset; fp32=d4ef65b55a76 uniq_u16=13
175,C,0x19A51C,0xA019A51C,soi_base_int_trq2A,soi_base_int_trq2A,stage1_core,Start of injection SOI,0x19C,0x19A380,12,200,1,0x800A2F06,0xA01BFA78,,C_fam_D0001DC6_D0001DC4_19A51C,C_fam_0038,medium: pointe DANS soi_base_int_trq2A @0x19A380 +0x19C (Start of injection SOI) - pas le debut; comment only; identique 64o vs 9979 au meme offset; fp32=b9490c90ffb7 uniq_u16=12
176,G,0x18CB24,0xA018CB24,soi_base_int_trq2A,soi_base_int_trq2A,stage1_core,Start of injection SOI,0x1A4,0x18C980,13,200,1,0x80099740,0xA01A1B9C,,G_fam_unkX_unkY_18CB24,G_fam_0066,medium: pointe DANS soi_base_int_trq2A @0x18C980 +0x1A4 (Start of injection SOI) - pas le debut; comment only; identique 64o vs 9979 au meme offset; fp32=b8fc3bae0553 uniq_u16=13
177,F,0x19A728,0xA019A728,soi_base_int_trq2A,soi_base_int_trq2A,stage1_core,Start of injection SOI,0x1A8,0x19A580,29,200,1,0x800F5AB0,0xA01ACEB4,,F_fam_unkX_unkY_19A728,F_fam_0022,medium: pointe DANS soi_base_int_trq2A @0x19A580 +0x1A8 (Start of injection SOI) - pas le debut; comment only; identique 64o vs 9979 au meme offset; fp32=930c94a36b0d uniq_u16=29
178,G,0x19A728,0xA019A728,soi_base_int_trq2A,soi_base_int_trq2A,stage1_core,Start of injection SOI,0x1A8,0x19A580,29,200,1,0x800F5A8A,0xA01B0718,,G_fam_unkX_unkY_19A728,G_fam_0070,medium: pointe DANS soi_base_int_trq2A @0x19A580 +0x1A8 (Start of injection SOI) - pas le debut; comment only; identique 64o vs 9979 au meme offset; fp32=930c94a36b0d uniq_u16=29
179,C,0x199728,0xA0199728,soi_base_int_trq2A,soi_base_int_trq2A,stage1_core,Start of injection SOI,0x1A8,0x199580,12,200,1,0x800E25BA,0xA01B9AC4,,C_fam_D000297E_D00029A0_199728,C_fam_0206,medium: pointe DANS soi_base_int_trq2A @0x199580 +0x1A8 (Start of injection SOI) - pas le debut; comment only; identique 64o vs 9979 au meme offset; fp32=691c022610b7 uniq_u16=12
180,L,0x199534,0xA0199534,soi_base_int_trq2A,soi_base_int_trq2A,stage1_core,Start of injection SOI,0x1B4,0x199380,9,200,1,0x8009B032,0xA01AAAE8,,L_fam_unkX_D0002416_199534,L_fam_0034,medium: pointe DANS soi_base_int_trq2A @0x199380 +0x1B4 (Start of injection SOI) - pas le debut; comment only; identique 64o vs 9979 au meme offset; fp32=3ca1ffe1d0aa uniq_u16=9
181,F,0x18EB38,0xA018EB38,soi_base_int_trq2A,soi_base_int_trq2A,stage1_core,Start of injection SOI,0x1B8,0x18E980,10,200,1,0x8009979C,0xA01A2B84,,F_fam_unkX_unkY_18EB38,F_fam_0074,medium: pointe DANS soi_base_int_trq2A @0x18E980 +0x1B8 (Start of injection SOI) - pas le debut; comment only; identique 64o vs 9979 au meme offset; fp32=4f0c7029ec82 uniq_u16=10
182,G,0x18EB38,0xA018EB38,soi_base_int_trq2A,soi_base_int_trq2A,stage1_core,Start of injection SOI,0x1B8,0x18E980,10,200,1,0x80099786,,,G_fam_unkX_unkY_18EB38,G_fam_0111,medium: pointe DANS soi_base_int_trq2A @0x18E980 +0x1B8 (Start of injection SOI) - pas le debut; comment only; identique 64o vs 9979 au meme offset; fp32=4f0c7029ec82 uniq_u16=10
183,C,0x199738,0xA0199738,soi_base_int_trq2A,soi_base_int_trq2A,stage1_core,Start of injection SOI,0x1B8,0x199580,8,200,1,0x800E9418,0xA01B9AD0,,C_fam_unkX_unkY_199738,C_fam_0176,medium: pointe DANS soi_base_int_trq2A @0x199580 +0x1B8 (Start of injection SOI) - pas le debut; comment only; identique 64o vs 9979 au meme offset; fp32=3397c5107277 uniq_u16=8
184,C,0x19A53C,0xA019A53C,soi_base_int_trq2A,soi_base_int_trq2A,stage1_core,Start of injection SOI,0x1BC,0x19A380,8,200,1,0x800D5992,,,C_fam_D00022AC_unkY_19A53C,C_fam_0259,medium: pointe DANS soi_base_int_trq2A @0x19A380 +0x1BC (Start of injection SOI) - pas le debut; comment only; identique 64o vs 9979 au meme offset; fp32=3e067032ea33 uniq_u16=8
185,2d,0x19A544,0xA019A544,soi_base_int_trq2A,soi_base_int_trq2A,stage1_core,Start of injection SOI,0x1C4,0x19A380,9,200,1,0x8011227E,0xA01B698C,0xA01A64C4,fam_unkX_D0001F5E_19A544,fam_0018,medium: pointe DANS soi_base_int_trq2A @0x19A380 +0x1C4 (Start of injection SOI) - pas le debut; comment only; identique 64o vs 9979 au meme offset; fp32=465c184304fe uniq_u16=9
186,2d,0x19A554,0xA019A554,soi_base_int_trq2A,soi_base_int_trq2A,stage1_core,Start of injection SOI,0x1D4,0x19A380,11,200,1,0x801122D0,0xA01B1750,0xA01A64D4,fam_unkX_D0001F5E_19A554,fam_0073,medium: pointe DANS soi_base_int_trq2A @0x19A380 +0x1D4 (Start of injection SOI) - pas le debut; comment only; identique 64o vs 9979 au meme offset; fp32=99775277e5b6 uniq_u16=11
187,H,0x195B58,0xA0195B58,soi_base_int_trq2A,soi_base_int_trq2A,stage1_core,Start of injection SOI,0x1D8,0x195980,19,200,1,0x80097DA2,,,H_fam_unkX_unkY_195B58,H_fam_0032,medium: pointe DANS soi_base_int_trq2A @0x195980 +0x1D8 (Start of injection SOI) - pas le debut; comment only; identique 64o vs 9979 au meme offset; fp32=d4112b6641e5 uniq_u16=19
188,H,0x192B5A,0xA0192B5A,soi_base_int_trq2A,soi_base_int_trq2A,stage1_core,Start of injection SOI,0x1DA,0x192980,21,200,1,0x80097D8C,,,H_fam_unkX_unkY_192B5A,H_fam_0031,medium: pointe DANS soi_base_int_trq2A @0x192980 +0x1DA (Start of injection SOI) - pas le debut; comment only; identique 64o vs 9979 au meme offset; fp32=a4e74330f895 uniq_u16=21
189,2d,0x199760,0xA0199760,soi_base_int_trq2A,soi_base_int_trq2A,stage1_core,Start of injection SOI,0x1E0,0x199580,10,200,1,0x801121FE,0xA01BFAD0,,fam_unkX_unkY_199760,fam_0103,medium: pointe DANS soi_base_int_trq2A @0x199580 +0x1E0 (Start of injection SOI) - pas le debut; comment only; identique 64o vs 9979 au meme offset; fp32=048f0714797c uniq_u16=10
190,2d,0x19A564,0xA019A564,soi_base_int_trq2A,soi_base_int_trq2A,stage1_core,Start of injection SOI,0x1E4,0x19A380,10,200,1,0x800F03F6,0xA01B3760,0xA01A27BC,fam_unkX_unkY_19A564,fam_0078,medium: pointe DANS soi_base_int_trq2A @0x19A380 +0x1E4 (Start of injection SOI) - pas le debut; comment only; identique 64o vs 9979 au meme offset; fp32=49e9116c0d91 uniq_u16=10
191,B,0x191B68,0xA0191B68,soi_base_int_trq2A,soi_base_int_trq2A,stage1_core,Start of injection SOI,0x1E8,0x191980,25,200,1,0x80093098,0xA01A3B74,,B_fam_D0002BEC_unkY_191B68,B_fam_0010,medium: pointe DANS soi_base_int_trq2A @0x191980 +0x1E8 (Start of injection SOI) - pas le debut; comment only; identique 64o vs 9979 au meme offset; fp32=6b28b24d4eb7 uniq_u16=25
192,H,0x18DB6C,0xA018DB6C,soi_base_int_trq2A,soi_base_int_trq2A,stage1_core,Start of injection SOI,0x1EC,0x18D980,9,200,1,0x80097E46,,,H_fam_unkX_unkY_18DB6C,H_fam_0038,medium: pointe DANS soi_base_int_trq2A @0x18D980 +0x1EC (Start of injection SOI) - pas le debut; comment only; identique 64o vs 9979 au meme offset; fp32=ca4f14b6197f uniq_u16=9
193,H,0x191B74,0xA0191B74,soi_base_int_trq2A,soi_base_int_trq2A,stage1_core,Start of injection SOI,0x1F4,0x191980,24,200,1,0x80097D7C,,,H_fam_unkX_unkY_191B74,H_fam_0030,medium: pointe DANS soi_base_int_trq2A @0x191980 +0x1F4 (Start of injection SOI) - pas le debut; comment only; identique 64o vs 9979 au meme offset; fp32=44fc7017af14 uniq_u16=24
194,2d,0x199B74,0xA0199B74,soi_base_int_trq2A,soi_base_int_trq2A,stage1_core,Start of injection SOI,0x1F4,0x199980,7,200,1,0x800953F0,,,fam_unkX_D0002C10_199B74,fam_0121,medium: pointe DANS soi_base_int_trq2A @0x199980 +0x1F4 (Start of injection SOI) - pas le debut; comment only; identique 64o vs 9979 au meme offset; fp32=adfd43c9e696 uniq_u16=7
195,2d,0x19A578,0xA019A578,soi_base_int_trq2A,soi_base_int_trq2A,stage1_core,Start of injection SOI,0x1F8,0x19A380,11,200,1,0x801032F2,0xA01B777C,0xA01A7768,fam_unkX_unkY_19A578,fam_0089,medium: pointe DANS soi_base_int_trq2A @0x19A380 +0x1F8 (Start of injection SOI) - pas le debut; comment only; identique 64o vs 9979 au meme offset; fp32=5df67fd1c63a uniq_u16=11
196,H,0x195B7E,0xA0195B7E,soi_base_int_trq2A,soi_base_int_trq2A,stage1_core,Start of injection SOI,0x1FE,0x195980,7,200,1,0x80097DB0,,,H_fam_unkX_unkY_195B7E,H_fam_0033,medium: pointe DANS soi_base_int_trq2A @0x195980 +0x1FE (Start of injection SOI) - pas le debut; comment only; identique 64o vs 9979 au meme offset; fp32=4579f731d466 uniq_u16=7
