category,cat_rank,confidence,id_name,family,addr,winols,ghidra,hub,delta,atlas_id,atlas_addr,atlas_cols,atlas_rows,atlas_length,folder,group,same_9979,exact_fp,relocated,new_name,notes
clutch_prot,10,high,tqlim_cluth_prot,tqlim_cluth_prot,0x1D0860,0x1D0860,0x801D0860,atlas_start,0x0,tqlim_cluth_prot,1D0860,8,8,128,Engine torque limiters,a2l,1,1,0,tqlim_cluth_prot,high: atlas start fingerprint match cols=8 rows=8 src=atlas; note: low u16 diversity (plateau OK at known start); identique vs ORI 9979; fp=af9613760f72 uniq=1 len=128
AccPed,15,low,AccPed_trq4A,AccPed_trq4A,0x1CF9C0,0x1CF9C0,0x801CF9C0,atlas_start,0x0,AccPed_trq4A,1CF9C0,8,16,256,Engine torque request,priority,0,0,0,,low: start differs from atlas/ORI fingerprint; differe de ORI 9979; fp=54b39ac5ea87 uniq=15 len=256
AccPed,15,low,AccPed_trq4A@1CFAC0,AccPed_trq4A,0x1CFAC0,0x1CFAC0,0x801CFAC0,atlas_start,0x0,AccPed_trq4A@1CFAC0,1CFAC0,8,16,256,Engine torque request,a2l,0,0,0,,low: start differs from atlas/ORI fingerprint; differe de ORI 9979; fp=54b39ac5ea87 uniq=15 len=256
AccPed,15,low,AccPed_trq4A@1CFBC0,AccPed_trq4A,0x1CFBC0,0x1CFBC0,0x801CFBC0,atlas_start,0x0,AccPed_trq4A@1CFBC0,1CFBC0,8,16,256,Engine torque request,a2l,0,0,0,,low: start differs from atlas/ORI fingerprint; differe de ORI 9979; fp=54b39ac5ea87 uniq=15 len=256
AccPed,15,low,AccPed_trq4A@1CFCC0,AccPed_trq4A,0x1CFCC0,0x1CFCC0,0x801CFCC0,atlas_start,0x0,AccPed_trq4A@1CFCC0,1CFCC0,8,16,256,Engine torque request,a2l,0,0,0,,low: start differs from atlas/ORI fingerprint; differe de ORI 9979; fp=54b39ac5ea87 uniq=15 len=256
AccPed,15,low,AccPed_trq4A@1CFDC0,AccPed_trq4A,0x1CFDC0,0x1CFDC0,0x801CFDC0,atlas_start,0x0,AccPed_trq4A@1CFDC0,1CFDC0,8,16,256,Engine torque request,a2l,0,0,0,,low: start differs from atlas/ORI fingerprint; differe de ORI 9979; fp=54b39ac5ea87 uniq=15 len=256
AccPed,15,low,AccPed_trq4A@1CFEC0,AccPed_trq4A,0x1CFEC0,0x1CFEC0,0x801CFEC0,atlas_start,0x0,AccPed_trq4A@1CFEC0,1CFEC0,8,16,256,Engine torque request,a2l,0,0,0,,low: start differs from atlas/ORI fingerprint; differe de ORI 9979; fp=54b39ac5ea87 uniq=15 len=256
AccPed,15,low,AccPed_trq4A@1CFFC0,AccPed_trq4A,0x1CFFC0,0x1CFFC0,0x801CFFC0,atlas_start,0x0,AccPed_trq4A@1CFFC0,1CFFC0,8,16,256,Engine torque request,a2l,0,0,0,,low: start differs from atlas/ORI fingerprint; differe de ORI 9979; fp=4ae970224d49 uniq=15 len=256
AccPed,15,high,AccPed_trq4A@1D0640,AccPed_trq4A,0x1D0640,0x1D0640,0x801D0640,atlas_start,0x0,AccPed_trq4A@1D0640,1D0640,8,16,256,Engine torque request,a2l,1,1,0,AccPed_trq4A,high: atlas start fingerprint match cols=8 rows=16 src=atlas; identique vs ORI 9979; fp=fe9478c5c3a9 uniq=15 len=256
tqlim,20,high,tqlim_base_pu_4A,tqlim_base_pu_4A,0x1D3190,0x1D3190,0x801D3190,atlas_start,0x0,tqlim_base_pu_4A,1D3190,8,26,416,Engine torque limiters,priority,1,1,0,tqlim_base_pu_4A,high: atlas start fingerprint match cols=8 rows=26 src=atlas; note: low u16 diversity (plateau OK at known start); identique vs ORI 9979; fp=272e7850cf5b uniq=1 len=416
tqlim_other,25,high,tqlim_speed2A,tqlim_speed2A,0x1CEED4,0x1CEED4,0x801CEED4,atlas_start,0x0,tqlim_speed2A,1CEED4,6,8,96,Engine torque limiters,priority,1,1,0,tqlim_speed2A,high: atlas start fingerprint match cols=6 rows=8 src=atlas; note: low u16 diversity (plateau OK at known start); identique vs ORI 9979; fp=43078915d4e5 uniq=1 len=96
tqlim_other,25,high,tqlim_fuel_temp2,tqlim_fuel_temp2,0x1D2C1C,0x1D2C1C,0x801D2C1C,atlas_start,0x0,tqlim_fuel_temp2,1D2C1C,4,6,48,Engine torque limiters,a2l,1,1,0,tqlim_fuel_temp2,high: atlas start fingerprint match cols=4 rows=6 src=atlas; note: low u16 diversity (plateau OK at known start); identique vs ORI 9979; fp=56f19a68ada1 uniq=1 len=48
tqlim_other,25,high,tqlim_fuel_temp2A,tqlim_fuel_temp2A,0x1D3390,0x1D3390,0x801D3390,atlas_start,0x0,tqlim_fuel_temp2A,1D3390,16,16,512,Engine torque limiters,a2l,1,1,0,tqlim_fuel_temp2A,high: atlas start fingerprint match cols=16 rows=16 src=atlas; note: low u16 diversity (plateau OK at known start); identique vs ORI 9979; fp=af9613760f72 uniq=1 len=512
tqlim_other,25,high,tqlim_tegt_temp,tqlim_tegt_temp,0x1D35A8,0x1D35A8,0x801D35A8,atlas_start,0x0,tqlim_tegt_temp,1D35A8,16,16,512,Engine torque limiters,priority,1,1,0,tqlim_tegt_temp,high: atlas start fingerprint match cols=16 rows=16 src=atlas; identique vs ORI 9979; fp=c032bb01c318 uniq=13 len=512
smoke,30,high,smoke_mapA,smoke_mapA,0x1D1D18,0x1D1D18,0x801D1D18,atlas_start,0x0,smoke_mapA,1D1D18,19,18,684,Smoke limitation,priority,1,1,0,smoke_mapA,high: atlas start fingerprint match cols=19 rows=18 src=atlas; identique vs ORI 9979; fp=6bf32f34d6a9 uniq=16 len=684
smoke,30,high,smoke_mapA@1D1FC4,smoke_mapA,0x1D1FC4,0x1D1FC4,0x801D1FC4,atlas_start,0x0,smoke_mapA@1D1FC4,1D1FC4,19,18,684,Smoke limitation,a2l,1,1,0,smoke_mapA,high: atlas start fingerprint match cols=19 rows=18 src=atlas; identique vs ORI 9979; fp=6bf32f34d6a9 uniq=16 len=684
smoke,30,high,smoke_mapA@1D2270,smoke_mapA,0x1D2270,0x1D2270,0x801D2270,atlas_start,0x0,smoke_mapA@1D2270,1D2270,19,18,684,Smoke limitation,a2l,1,1,0,smoke_mapA,high: atlas start fingerprint match cols=19 rows=18 src=atlas; identique vs ORI 9979; fp=41c64f1bcc98 uniq=16 len=684
smoke,30,high,smoke_mapA@1D251C,smoke_mapA,0x1D251C,0x1D251C,0x801D251C,atlas_start,0x0,smoke_mapA@1D251C,1D251C,19,18,684,Smoke limitation,a2l,1,1,0,smoke_mapA,high: atlas start fingerprint match cols=19 rows=18 src=atlas; identique vs ORI 9979; fp=a4f9198853a4 uniq=16 len=684
smoke,30,high,smoke_mapA@1D27C8,smoke_mapA,0x1D27C8,0x1D27C8,0x801D27C8,atlas_start,0x0,smoke_mapA@1D27C8,1D27C8,19,18,684,Smoke limitation,a2l,1,1,0,smoke_mapA,high: atlas start fingerprint match cols=19 rows=18 src=atlas; note: low u16 diversity (plateau OK at known start); identique vs ORI 9979; fp=57cd3d885d1a uniq=1 len=684
turbo,40,high,turbo_base3B,turbo_base3B,0x1C04AC,0x1C04AC,0x801C04AC,atlas_start,0x0,turbo_base3B,1C04AC,16,20,640,Turbo boost pressure,priority,1,1,0,turbo_base3B,high: atlas start fingerprint match cols=16 rows=20 src=atlas; identique vs ORI 9979; fp=373676069272 uniq=13 len=640
turbo,40,high,turbo_base3B@1C072C,turbo_base3B,0x1C072C,0x1C072C,0x801C072C,atlas_start,0x0,turbo_base3B@1C072C,1C072C,16,20,640,Turbo boost pressure,a2l,1,1,0,turbo_base3B,high: atlas start fingerprint match cols=16 rows=20 src=atlas; identique vs ORI 9979; fp=373676069272 uniq=13 len=640
turbo,40,high,turbo_base3B@1C09AC,turbo_base3B,0x1C09AC,0x1C09AC,0x801C09AC,atlas_start,0x0,turbo_base3B@1C09AC,1C09AC,16,20,640,Turbo boost pressure,a2l,1,1,0,turbo_base3B,high: atlas start fingerprint match cols=16 rows=20 src=atlas; identique vs ORI 9979; fp=373676069272 uniq=13 len=640
turbo,40,high,turbo_base3B@1C0C2C,turbo_base3B,0x1C0C2C,0x1C0C2C,0x801C0C2C,atlas_start,0x0,turbo_base3B@1C0C2C,1C0C2C,16,20,640,Turbo boost pressure,a2l,1,1,0,turbo_base3B,high: atlas start fingerprint match cols=16 rows=20 src=atlas; identique vs ORI 9979; fp=373676069272 uniq=13 len=640
turbo,40,high,turbo_base3B@1C0EAC,turbo_base3B,0x1C0EAC,0x1C0EAC,0x801C0EAC,atlas_start,0x0,turbo_base3B@1C0EAC,1C0EAC,16,20,640,Turbo boost pressure,a2l,1,1,0,turbo_base3B,high: atlas start fingerprint match cols=16 rows=20 src=atlas; identique vs ORI 9979; fp=373676069272 uniq=13 len=640
turbo,40,high,turbo_base3B@1C112C,turbo_base3B,0x1C112C,0x1C112C,0x801C112C,atlas_start,0x0,turbo_base3B@1C112C,1C112C,16,20,640,Turbo boost pressure,a2l,1,1,0,turbo_base3B,high: atlas start fingerprint match cols=16 rows=20 src=atlas; identique vs ORI 9979; fp=373676069272 uniq=13 len=640
turbo,40,high,turbo_base3B@1C13AC,turbo_base3B,0x1C13AC,0x1C13AC,0x801C13AC,atlas_start,0x0,turbo_base3B@1C13AC,1C13AC,16,20,640,Turbo boost pressure,a2l,1,1,0,turbo_base3B,high: atlas start fingerprint match cols=16 rows=20 src=atlas; identique vs ORI 9979; fp=4ec276653486 uniq=16 len=640
turbo,40,high,turbo_base3B@1C162C,turbo_base3B,0x1C162C,0x1C162C,0x801C162C,atlas_start,0x0,turbo_base3B@1C162C,1C162C,16,20,640,Turbo boost pressure,a2l,1,1,0,turbo_base3B,high: atlas start fingerprint match cols=16 rows=20 src=atlas; identique vs ORI 9979; fp=4ec276653486 uniq=16 len=640
turbo,40,high,turbo_base3B@1C18AC,turbo_base3B,0x1C18AC,0x1C18AC,0x801C18AC,atlas_start,0x0,turbo_base3B@1C18AC,1C18AC,16,20,640,Turbo boost pressure,a2l,1,1,0,turbo_base3B,high: atlas start fingerprint match cols=16 rows=20 src=atlas; identique vs ORI 9979; fp=4ec276653486 uniq=16 len=640
turbo,40,high,turbo_base3B@1C1B2C,turbo_base3B,0x1C1B2C,0x1C1B2C,0x801C1B2C,atlas_start,0x0,turbo_base3B@1C1B2C,1C1B2C,16,20,640,Turbo boost pressure,a2l,1,1,0,turbo_base3B,high: atlas start fingerprint match cols=16 rows=20 src=atlas; identique vs ORI 9979; fp=a04b952d0907 uniq=10 len=640
turbo,40,high,turbo_base3B@1C1DAC,turbo_base3B,0x1C1DAC,0x1C1DAC,0x801C1DAC,atlas_start,0x0,turbo_base3B@1C1DAC,1C1DAC,16,20,640,Turbo boost pressure,a2l,1,1,0,turbo_base3B,high: atlas start fingerprint match cols=16 rows=20 src=atlas; identique vs ORI 9979; fp=a04b952d0907 uniq=10 len=640
turbo,40,high,turbo_base3B@1C202C,turbo_base3B,0x1C202C,0x1C202C,0x801C202C,atlas_start,0x0,turbo_base3B@1C202C,1C202C,16,20,640,Turbo boost pressure,a2l,1,1,0,turbo_base3B,high: atlas start fingerprint match cols=16 rows=20 src=atlas; identique vs ORI 9979; fp=a04b952d0907 uniq=10 len=640
turbo,40,high,turbo_base3B@1C2A2C,turbo_base3B,0x1C2A2C,0x1C2A2C,0x801C2A2C,atlas_start,0x0,turbo_base3B@1C2A2C,1C2A2C,16,20,640,Turbo boost pressure,a2l,1,1,0,turbo_base3B,high: atlas start fingerprint match cols=16 rows=20 src=atlas; identique vs ORI 9979; fp=db4347d298ef uniq=8 len=640
turbo,40,high,turbo_base3B@1C2CAC,turbo_base3B,0x1C2CAC,0x1C2CAC,0x801C2CAC,atlas_start,0x0,turbo_base3B@1C2CAC,1C2CAC,16,20,640,Turbo boost pressure,a2l,1,1,0,turbo_base3B,high: atlas start fingerprint match cols=16 rows=20 src=atlas; identique vs ORI 9979; fp=db4347d298ef uniq=8 len=640
turbo,40,high,turbo_base3B@1C2F2C,turbo_base3B,0x1C2F2C,0x1C2F2C,0x801C2F2C,atlas_start,0x0,turbo_base3B@1C2F2C,1C2F2C,16,20,640,Turbo boost pressure,a2l,1,1,0,turbo_base3B,high: atlas start fingerprint match cols=16 rows=20 src=atlas; identique vs ORI 9979; fp=db4347d298ef uniq=8 len=640
turbo,40,high,turbo_base3B@1C31AC,turbo_base3B,0x1C31AC,0x1C31AC,0x801C31AC,atlas_start,0x0,turbo_base3B@1C31AC,1C31AC,16,20,640,Turbo boost pressure,a2l,1,1,0,turbo_base3B,high: atlas start fingerprint match cols=16 rows=20 src=atlas; identique vs ORI 9979; fp=373676069272 uniq=13 len=640
turbo,40,high,turbo_base3B@1C342C,turbo_base3B,0x1C342C,0x1C342C,0x801C342C,atlas_start,0x0,turbo_base3B@1C342C,1C342C,16,20,640,Turbo boost pressure,a2l,1,1,0,turbo_base3B,high: atlas start fingerprint match cols=16 rows=20 src=atlas; identique vs ORI 9979; fp=373676069272 uniq=13 len=640
turbo,40,high,turbo_base3B@1C36AC,turbo_base3B,0x1C36AC,0x1C36AC,0x801C36AC,atlas_start,0x0,turbo_base3B@1C36AC,1C36AC,16,20,640,Turbo boost pressure,a2l,1,1,0,turbo_base3B,high: atlas start fingerprint match cols=16 rows=20 src=atlas; identique vs ORI 9979; fp=373676069272 uniq=13 len=640
turbo_corr,45,high,turbo_int_trq_correction2C,turbo_int_trq_correction2C,0x1C3AAC,0x1C3AAC,0x801C3AAC,atlas_start,0x0,turbo_int_trq_correction2C,1C3AAC,12,16,384,Turbo boost pressure,a2l,1,1,0,turbo_int_trq_correction2C,high: atlas start fingerprint match cols=12 rows=16 src=atlas; identique vs ORI 9979; fp=b7809dbf2b74 uniq=9 len=384
turbo_corr,45,high,turbo_int_trq_correction2C@1C3DAC,turbo_int_trq_correction2C,0x1C3DAC,0x1C3DAC,0x801C3DAC,atlas_start,0x0,turbo_int_trq_correction2C@1C3DAC,1C3DAC,12,16,384,Turbo boost pressure,a2l,1,1,0,turbo_int_trq_correction2C,high: atlas start fingerprint match cols=12 rows=16 src=atlas; identique vs ORI 9979; fp=b7809dbf2b74 uniq=9 len=384
turbo_corr,45,high,turbo_int_trq_correction2C@1C40AC,turbo_int_trq_correction2C,0x1C40AC,0x1C40AC,0x801C40AC,atlas_start,0x0,turbo_int_trq_correction2C@1C40AC,1C40AC,12,16,384,Turbo boost pressure,a2l,1,1,0,turbo_int_trq_correction2C,high: atlas start fingerprint match cols=12 rows=16 src=atlas; identique vs ORI 9979; fp=d634ab9e8bf1 uniq=8 len=384
turbo_corr,45,high,turbo_int_trq_correction2C@1C43AC,turbo_int_trq_correction2C,0x1C43AC,0x1C43AC,0x801C43AC,atlas_start,0x0,turbo_int_trq_correction2C@1C43AC,1C43AC,12,16,384,Turbo boost pressure,a2l,1,1,0,turbo_int_trq_correction2C,high: atlas start fingerprint match cols=12 rows=16 src=atlas; identique vs ORI 9979; fp=0d022fca3b57 uniq=16 len=384
turbo_corr,45,high,turbo_int_trq_correction2C@1C46AC,turbo_int_trq_correction2C,0x1C46AC,0x1C46AC,0x801C46AC,atlas_start,0x0,turbo_int_trq_correction2C@1C46AC,1C46AC,12,16,384,Turbo boost pressure,a2l,1,1,0,turbo_int_trq_correction2C,high: atlas start fingerprint match cols=12 rows=16 src=atlas; note: low u16 diversity (plateau OK at known start); identique vs ORI 9979; fp=2cde2dbaa034 uniq=1 len=384
turbo_corr,45,high,turbo_int_trq_correction2C@1C58AC,turbo_int_trq_correction2C,0x1C58AC,0x1C58AC,0x801C58AC,atlas_start,0x0,turbo_int_trq_correction2C@1C58AC,1C58AC,12,16,384,Turbo boost pressure,a2l,1,1,0,turbo_int_trq_correction2C,high: atlas start fingerprint match cols=12 rows=16 src=atlas; note: low u16 diversity (plateau OK at known start); identique vs ORI 9979; fp=2cde2dbaa034 uniq=1 len=384
turbo_corr,45,high,turbo_int_trq_correction2C@1C5BAC,turbo_int_trq_correction2C,0x1C5BAC,0x1C5BAC,0x801C5BAC,atlas_start,0x0,turbo_int_trq_correction2C@1C5BAC,1C5BAC,12,16,384,Turbo boost pressure,a2l,1,1,0,turbo_int_trq_correction2C,high: atlas start fingerprint match cols=12 rows=16 src=atlas; note: low u16 diversity (plateau OK at known start); identique vs ORI 9979; fp=2cde2dbaa034 uniq=1 len=384
turbo_corr,45,high,turbo_int_trq_correction2C@1C5EAC,turbo_int_trq_correction2C,0x1C5EAC,0x1C5EAC,0x801C5EAC,atlas_start,0x0,turbo_int_trq_correction2C@1C5EAC,1C5EAC,12,16,384,Turbo boost pressure,a2l,1,1,0,turbo_int_trq_correction2C,high: atlas start fingerprint match cols=12 rows=16 src=atlas; note: low u16 diversity (plateau OK at known start); identique vs ORI 9979; fp=2cde2dbaa034 uniq=1 len=384
turbo_corr,45,high,turbo_int_trq_correction2C@1C67AC,turbo_int_trq_correction2C,0x1C67AC,0x1C67AC,0x801C67AC,atlas_start,0x0,turbo_int_trq_correction2C@1C67AC,1C67AC,12,16,384,Turbo boost pressure,a2l,1,1,0,turbo_int_trq_correction2C,high: atlas start fingerprint match cols=12 rows=16 src=atlas; note: low u16 diversity (plateau OK at known start); identique vs ORI 9979; fp=2cde2dbaa034 uniq=1 len=384
turbo_other,50,high,turbo_atm6A,turbo_atm6A,0x1C692C,0x1C692C,0x801C692C,atlas_start,0x0,turbo_atm6A,1C692C,8,16,256,Turbo boost pressure,priority,1,1,0,turbo_atm6A,high: atlas start fingerprint match cols=8 rows=16 src=atlas; identique vs ORI 9979; fp=da134334d553 uniq=12 len=256
turbo_other,50,high,turbo_atm6A@1C6A2C,turbo_atm6A,0x1C6A2C,0x1C6A2C,0x801C6A2C,atlas_start,0x0,turbo_atm6A@1C6A2C,1C6A2C,8,16,256,Turbo boost pressure,a2l,1,1,0,turbo_atm6A,high: atlas start fingerprint match cols=8 rows=16 src=atlas; note: low u16 diversity (plateau OK at known start); identique vs ORI 9979; fp=d90ba8f52dc9 uniq=1 len=256
rail,60,high,rail_base_int_trq2B,rail_base_int_trq2B,0x1E9368,0x1E9368,0x801E9368,atlas_start,0x0,rail_base_int_trq2B,1E9368,16,16,512,Rail pressure,priority,1,1,0,rail_base_int_trq2B,high: atlas start fingerprint match cols=16 rows=16 src=atlas; identique vs ORI 9979; fp=e1a18e774ca2 uniq=14 len=512
rail,60,low,rail_base_int_trq2B@1E9568,rail_base_int_trq2B,0x1E9568,0x1E9568,0x801E9568,atlas_start,0x0,rail_base_int_trq2B@1E9568,1E9568,16,16,512,Rail pressure,a2l,0,0,0,,low: start differs from atlas/ORI fingerprint; differe de ORI 9979; fp=d82b351ba000 uniq=12 len=512
rail,60,high,rail_base_int_trq2B@1E9768,rail_base_int_trq2B,0x1E9768,0x1E9768,0x801E9768,atlas_start,0x0,rail_base_int_trq2B@1E9768,1E9768,16,16,512,Rail pressure,a2l,1,1,0,rail_base_int_trq2B,high: atlas start fingerprint match cols=16 rows=16 src=atlas; identique vs ORI 9979; fp=943ee4a28331 uniq=12 len=512
rail,60,high,rail_base_int_trq2B@1E9968,rail_base_int_trq2B,0x1E9968,0x1E9968,0x801E9968,atlas_start,0x0,rail_base_int_trq2B@1E9968,1E9968,16,16,512,Rail pressure,a2l,1,1,0,rail_base_int_trq2B,high: atlas start fingerprint match cols=16 rows=16 src=atlas; identique vs ORI 9979; fp=4c0a84f68c68 uniq=10 len=512
rail,60,high,rail_base_int_trq2B@1E9B68,rail_base_int_trq2B,0x1E9B68,0x1E9B68,0x801E9B68,atlas_start,0x0,rail_base_int_trq2B@1E9B68,1E9B68,16,16,512,Rail pressure,a2l,1,1,0,rail_base_int_trq2B,high: atlas start fingerprint match cols=16 rows=16 src=atlas; identique vs ORI 9979; fp=985298e6ba79 uniq=11 len=512
rail,60,high,rail_base_int_trq2B@1E9D68,rail_base_int_trq2B,0x1E9D68,0x1E9D68,0x801E9D68,atlas_start,0x0,rail_base_int_trq2B@1E9D68,1E9D68,16,16,512,Rail pressure,a2l,1,1,0,rail_base_int_trq2B,high: atlas start fingerprint match cols=16 rows=16 src=atlas; identique vs ORI 9979; fp=7a24dda4f87e uniq=13 len=512
rail,60,high,rail_base_int_trq2B@1E9F68,rail_base_int_trq2B,0x1E9F68,0x1E9F68,0x801E9F68,atlas_start,0x0,rail_base_int_trq2B@1E9F68,1E9F68,16,16,512,Rail pressure,a2l,1,1,0,rail_base_int_trq2B,high: atlas start fingerprint match cols=16 rows=16 src=atlas; identique vs ORI 9979; fp=9bb677019b25 uniq=13 len=512
rail,60,high,rail_request_horsA2L_banque_01,rail_request_horsA2L_banque_01,0x1EA168,0x1EA168,0x801EA168,atlas_start,0x0,rail_request_horsA2L_banque_01,1EA168,16,16,512,Hors A2L / provisoire,provisoire,1,1,0,rail_request_horsA2L_banque_01,high: atlas start fingerprint match cols=16 rows=16 src=atlas; identique vs ORI 9979; fp=d82b351ba000 uniq=12 len=512
rail,60,high,rail_request_horsA2L_banque_02,rail_request_horsA2L_banque_02,0x1EA368,0x1EA368,0x801EA368,atlas_start,0x0,rail_request_horsA2L_banque_02,1EA368,16,16,512,Hors A2L / provisoire,provisoire,1,1,0,rail_request_horsA2L_banque_02,high: atlas start fingerprint match cols=16 rows=16 src=atlas; identique vs ORI 9979; fp=943ee4a28331 uniq=12 len=512
rail,60,high,rail_request_horsA2L_banque_03,rail_request_horsA2L_banque_03,0x1EA568,0x1EA568,0x801EA568,atlas_start,0x0,rail_request_horsA2L_banque_03,1EA568,16,16,512,Hors A2L / provisoire,provisoire,1,1,0,rail_request_horsA2L_banque_03,high: atlas start fingerprint match cols=16 rows=16 src=atlas; identique vs ORI 9979; fp=cf469dd61267 uniq=10 len=512
rail,60,high,rail_request_horsA2L_banque_04,rail_request_horsA2L_banque_04,0x1EA768,0x1EA768,0x801EA768,atlas_start,0x0,rail_request_horsA2L_banque_04,1EA768,16,16,512,Hors A2L / provisoire,provisoire,1,1,0,rail_request_horsA2L_banque_04,high: atlas start fingerprint match cols=16 rows=16 src=atlas; identique vs ORI 9979; fp=cf469dd61267 uniq=10 len=512
rail,60,high,rail_request_horsA2L_banque_05,rail_request_horsA2L_banque_05,0x1EA968,0x1EA968,0x801EA968,atlas_start,0x0,rail_request_horsA2L_banque_05,1EA968,16,16,512,Hors A2L / provisoire,provisoire,1,1,0,rail_request_horsA2L_banque_05,high: atlas start fingerprint match cols=16 rows=16 src=atlas; identique vs ORI 9979; fp=a26c2a91f602 uniq=12 len=512
rail,60,high,rail_request_horsA2L_banque_06,rail_request_horsA2L_banque_06,0x1EAB68,0x1EAB68,0x801EAB68,atlas_start,0x0,rail_request_horsA2L_banque_06,1EAB68,16,16,512,Hors A2L / provisoire,provisoire,1,1,0,rail_request_horsA2L_banque_06,high: atlas start fingerprint match cols=16 rows=16 src=atlas; identique vs ORI 9979; fp=50b4f035017d uniq=14 len=512
rail,60,high,rail_request_horsA2L_banque_07,rail_request_horsA2L_banque_07,0x1EAD68,0x1EAD68,0x801EAD68,atlas_start,0x0,rail_request_horsA2L_banque_07,1EAD68,16,16,512,Hors A2L / provisoire,provisoire,1,1,0,rail_request_horsA2L_banque_07,high: atlas start fingerprint match cols=16 rows=16 src=atlas; identique vs ORI 9979; fp=d82b351ba000 uniq=12 len=512
rail,60,high,rail_request_horsA2L_banque_08,rail_request_horsA2L_banque_08,0x1EAF68,0x1EAF68,0x801EAF68,atlas_start,0x0,rail_request_horsA2L_banque_08,1EAF68,16,16,512,Hors A2L / provisoire,provisoire,1,1,0,rail_request_horsA2L_banque_08,high: atlas start fingerprint match cols=16 rows=16 src=atlas; identique vs ORI 9979; fp=943ee4a28331 uniq=12 len=512
rail,60,high,rail_request_horsA2L_banque_09,rail_request_horsA2L_banque_09,0x1EB168,0x1EB168,0x801EB168,atlas_start,0x0,rail_request_horsA2L_banque_09,1EB168,16,16,512,Hors A2L / provisoire,provisoire,1,1,0,rail_request_horsA2L_banque_09,high: atlas start fingerprint match cols=16 rows=16 src=atlas; identique vs ORI 9979; fp=3d04ec29aa27 uniq=9 len=512
rail,60,high,rail_request_horsA2L_banque_10,rail_request_horsA2L_banque_10,0x1EB368,0x1EB368,0x801EB368,atlas_start,0x0,rail_request_horsA2L_banque_10,1EB368,16,16,512,Hors A2L / provisoire,provisoire,1,1,0,rail_request_horsA2L_banque_10,high: atlas start fingerprint match cols=16 rows=16 src=atlas; identique vs ORI 9979; fp=322ebe2c6b79 uniq=13 len=512
rail,60,high,rail_request_horsA2L_banque_11,rail_request_horsA2L_banque_11,0x1EB568,0x1EB568,0x801EB568,atlas_start,0x0,rail_request_horsA2L_banque_11,1EB568,16,16,512,Hors A2L / provisoire,provisoire,1,1,0,rail_request_horsA2L_banque_11,high: atlas start fingerprint match cols=16 rows=16 src=atlas; identique vs ORI 9979; fp=be3453da655c uniq=8 len=512
rail,60,high,rail_request_horsA2L_banque_12,rail_request_horsA2L_banque_12,0x1EB768,0x1EB768,0x801EB768,atlas_start,0x0,rail_request_horsA2L_banque_12,1EB768,16,16,512,Hors A2L / provisoire,provisoire,1,1,0,rail_request_horsA2L_banque_12,high: atlas start fingerprint match cols=16 rows=16 src=atlas; identique vs ORI 9979; fp=fa2677dfb78a uniq=11 len=512
rail,60,high,rail_request_horsA2L_banque_13,rail_request_horsA2L_banque_13,0x1EB968,0x1EB968,0x801EB968,atlas_start,0x0,rail_request_horsA2L_banque_13,1EB968,16,16,512,Hors A2L / provisoire,provisoire,1,1,0,rail_request_horsA2L_banque_13,high: atlas start fingerprint match cols=16 rows=16 src=atlas; identique vs ORI 9979; fp=7a24dda4f87e uniq=13 len=512
rail,60,high,rail_request_horsA2L_banque_14,rail_request_horsA2L_banque_14,0x1EBB68,0x1EBB68,0x801EBB68,atlas_start,0x0,rail_request_horsA2L_banque_14,1EBB68,16,16,512,Hors A2L / provisoire,provisoire,1,1,0,rail_request_horsA2L_banque_14,high: atlas start fingerprint match cols=16 rows=16 src=atlas; identique vs ORI 9979; fp=7a24dda4f87e uniq=13 len=512
rail,60,high,rail_lim_horsA2L_A,rail_lim_horsA2L_A,0x1EBDD8,0x1EBDD8,0x801EBDD8,atlas_start,0x0,rail_lim_horsA2L_A,1EBDD8,55,1,111,Hors A2L / provisoire,provisoire,1,1,0,rail_lim_horsA2L_A,high: atlas start fingerprint match cols=55 rows=1 src=atlas; note: low u16 diversity (plateau OK at known start); identique vs ORI 9979; fp=352302489bc2 uniq=1 len=111
rail,60,high,rail_lim_horsA2L_B,rail_lim_horsA2L_B,0x1EBE58,0x1EBE58,0x801EBE58,atlas_start,0x0,rail_lim_horsA2L_B,1EBE58,55,1,111,Hors A2L / provisoire,provisoire,1,1,0,rail_lim_horsA2L_B,high: atlas start fingerprint match cols=55 rows=1 src=atlas; note: low u16 diversity (plateau OK at known start); identique vs ORI 9979; fp=352302489bc2 uniq=1 len=111
soi,70,high,soi_base_int_trq2A,soi_base_int_trq2A,0x18C380,0x18C380,0x8018C380,atlas_start,0x0,soi_base_int_trq2A,18C380,16,16,512,Start of injection SOI,priority,1,1,0,soi_base_int_trq2A,high: atlas start fingerprint match cols=16 rows=16 src=atlas; identique vs ORI 9979; fp=4b1942456fe7 uniq=6 len=512
soi,70,low,soi_base_int_trq2A@18C580,soi_base_int_trq2A,0x18C580,0x18C580,0x8018C580,atlas_start,0x0,soi_base_int_trq2A@18C580,18C580,16,16,512,Start of injection SOI,a2l,0,0,0,,low: start differs from atlas/ORI fingerprint; differe de ORI 9979; fp=16aee6187298 uniq=5 len=512
soi,70,high,soi_base_int_trq2A@18C780,soi_base_int_trq2A,0x18C780,0x18C780,0x8018C780,atlas_start,0x0,soi_base_int_trq2A@18C780,18C780,16,16,512,Start of injection SOI,a2l,1,1,0,soi_base_int_trq2A,high: atlas start fingerprint match cols=16 rows=16 src=atlas; identique vs ORI 9979; fp=674e29cef5ac uniq=13 len=512
soi,70,high,soi_base_int_trq2A@18C980,soi_base_int_trq2A,0x18C980,0x18C980,0x8018C980,atlas_start,0x0,soi_base_int_trq2A@18C980,18C980,16,16,512,Start of injection SOI,a2l,1,1,0,soi_base_int_trq2A,high: atlas start fingerprint match cols=16 rows=16 src=atlas; identique vs ORI 9979; fp=a77c234a56e6 uniq=5 len=512
soi,70,high,soi_base_int_trq2A@18CB80,soi_base_int_trq2A,0x18CB80,0x18CB80,0x8018CB80,atlas_start,0x0,soi_base_int_trq2A@18CB80,18CB80,16,16,512,Start of injection SOI,a2l,1,1,0,soi_base_int_trq2A,high: atlas start fingerprint match cols=16 rows=16 src=atlas; identique vs ORI 9979; fp=65f989b3cb89 uniq=7 len=512
soi,70,high,soi_base_int_trq2A@18CD80,soi_base_int_trq2A,0x18CD80,0x18CD80,0x8018CD80,atlas_start,0x0,soi_base_int_trq2A@18CD80,18CD80,16,16,512,Start of injection SOI,a2l,1,1,0,soi_base_int_trq2A,high: atlas start fingerprint match cols=16 rows=16 src=atlas; identique vs ORI 9979; fp=47c58cdb35cc uniq=5 len=512
soi,70,high,soi_base_int_trq2A@18CF80,soi_base_int_trq2A,0x18CF80,0x18CF80,0x8018CF80,atlas_start,0x0,soi_base_int_trq2A@18CF80,18CF80,16,16,512,Start of injection SOI,a2l,1,1,0,soi_base_int_trq2A,high: atlas start fingerprint match cols=16 rows=16 src=atlas; identique vs ORI 9979; fp=2fba02306a60 uniq=7 len=512
soi,70,high,soi_base_int_trq2A@18D180,soi_base_int_trq2A,0x18D180,0x18D180,0x8018D180,atlas_start,0x0,soi_base_int_trq2A@18D180,18D180,16,16,512,Start of injection SOI,a2l,1,1,0,soi_base_int_trq2A,high: atlas start fingerprint match cols=16 rows=16 src=atlas; identique vs ORI 9979; fp=2fba02306a60 uniq=7 len=512
soi,70,high,soi_base_int_trq2A@18D380,soi_base_int_trq2A,0x18D380,0x18D380,0x8018D380,atlas_start,0x0,soi_base_int_trq2A@18D380,18D380,16,16,512,Start of injection SOI,a2l,1,1,0,soi_base_int_trq2A,high: atlas start fingerprint match cols=16 rows=16 src=atlas; identique vs ORI 9979; fp=2fba02306a60 uniq=7 len=512
soi,70,high,soi_base_int_trq2A@18D580,soi_base_int_trq2A,0x18D580,0x18D580,0x8018D580,atlas_start,0x0,soi_base_int_trq2A@18D580,18D580,16,16,512,Start of injection SOI,a2l,1,1,0,soi_base_int_trq2A,high: atlas start fingerprint match cols=16 rows=16 src=atlas; identique vs ORI 9979; fp=4b1942456fe7 uniq=6 len=512
soi,70,low,soi_base_int_trq2A@18D780,soi_base_int_trq2A,0x18D780,0x18D780,0x8018D780,atlas_start,0x0,soi_base_int_trq2A@18D780,18D780,16,16,512,Start of injection SOI,a2l,0,0,0,,low: start differs from atlas/ORI fingerprint; differe de ORI 9979; fp=16aee6187298 uniq=5 len=512
soi,70,high,soi_base_int_trq2A@18D980,soi_base_int_trq2A,0x18D980,0x18D980,0x8018D980,atlas_start,0x0,soi_base_int_trq2A@18D980,18D980,16,16,512,Start of injection SOI,a2l,1,1,0,soi_base_int_trq2A,high: atlas start fingerprint match cols=16 rows=16 src=atlas; identique vs ORI 9979; fp=674e29cef5ac uniq=13 len=512
soi,70,high,soi_base_int_trq2A@18DB80,soi_base_int_trq2A,0x18DB80,0x18DB80,0x8018DB80,atlas_start,0x0,soi_base_int_trq2A@18DB80,18DB80,16,16,512,Start of injection SOI,a2l,1,1,0,soi_base_int_trq2A,high: atlas start fingerprint match cols=16 rows=16 src=atlas; identique vs ORI 9979; fp=a77c234a56e6 uniq=5 len=512
soi,70,high,soi_base_int_trq2A@18DD80,soi_base_int_trq2A,0x18DD80,0x18DD80,0x8018DD80,atlas_start,0x0,soi_base_int_trq2A@18DD80,18DD80,16,16,512,Start of injection SOI,a2l,1,1,0,soi_base_int_trq2A,high: atlas start fingerprint match cols=16 rows=16 src=atlas; identique vs ORI 9979; fp=65f989b3cb89 uniq=7 len=512
soi,70,high,soi_base_int_trq2A@18DF80,soi_base_int_trq2A,0x18DF80,0x18DF80,0x8018DF80,atlas_start,0x0,soi_base_int_trq2A@18DF80,18DF80,16,16,512,Start of injection SOI,a2l,1,1,0,soi_base_int_trq2A,high: atlas start fingerprint match cols=16 rows=16 src=atlas; identique vs ORI 9979; fp=47c58cdb35cc uniq=5 len=512
soi,70,high,soi_base_int_trq2A@18E180,soi_base_int_trq2A,0x18E180,0x18E180,0x8018E180,atlas_start,0x0,soi_base_int_trq2A@18E180,18E180,16,16,512,Start of injection SOI,a2l,1,1,0,soi_base_int_trq2A,high: atlas start fingerprint match cols=16 rows=16 src=atlas; identique vs ORI 9979; fp=4b1942456fe7 uniq=6 len=512
soi,70,high,soi_base_int_trq2A@18E380,soi_base_int_trq2A,0x18E380,0x18E380,0x8018E380,atlas_start,0x0,soi_base_int_trq2A@18E380,18E380,16,16,512,Start of injection SOI,a2l,1,1,0,soi_base_int_trq2A,high: atlas start fingerprint match cols=16 rows=16 src=atlas; identique vs ORI 9979; fp=16aee6187298 uniq=5 len=512
soi,70,high,soi_base_int_trq2A@18E580,soi_base_int_trq2A,0x18E580,0x18E580,0x8018E580,atlas_start,0x0,soi_base_int_trq2A@18E580,18E580,16,16,512,Start of injection SOI,a2l,1,1,0,soi_base_int_trq2A,high: atlas start fingerprint match cols=16 rows=16 src=atlas; identique vs ORI 9979; fp=674e29cef5ac uniq=13 len=512
soi,70,high,soi_base_int_trq2A@18E780,soi_base_int_trq2A,0x18E780,0x18E780,0x8018E780,atlas_start,0x0,soi_base_int_trq2A@18E780,18E780,16,16,512,Start of injection SOI,a2l,1,1,0,soi_base_int_trq2A,high: atlas start fingerprint match cols=16 rows=16 src=atlas; identique vs ORI 9979; fp=65f989b3cb89 uniq=7 len=512
soi,70,high,soi_base_int_trq2A@18E980,soi_base_int_trq2A,0x18E980,0x18E980,0x8018E980,atlas_start,0x0,soi_base_int_trq2A@18E980,18E980,16,16,512,Start of injection SOI,a2l,1,1,0,soi_base_int_trq2A,high: atlas start fingerprint match cols=16 rows=16 src=atlas; identique vs ORI 9979; fp=65f989b3cb89 uniq=7 len=512
soi,70,high,soi_base_int_trq2A@18EB80,soi_base_int_trq2A,0x18EB80,0x18EB80,0x8018EB80,atlas_start,0x0,soi_base_int_trq2A@18EB80,18EB80,16,16,512,Start of injection SOI,a2l,1,1,0,soi_base_int_trq2A,high: atlas start fingerprint match cols=16 rows=16 src=atlas; identique vs ORI 9979; fp=47c58cdb35cc uniq=5 len=512
soi,70,high,soi_base_int_trq2A@18ED80,soi_base_int_trq2A,0x18ED80,0x18ED80,0x8018ED80,atlas_start,0x0,soi_base_int_trq2A@18ED80,18ED80,16,16,512,Start of injection SOI,a2l,1,1,0,soi_base_int_trq2A,high: atlas start fingerprint match cols=16 rows=16 src=atlas; identique vs ORI 9979; fp=e029b39e5149 uniq=12 len=512
soi,70,high,soi_base_int_trq2A@18EF80,soi_base_int_trq2A,0x18EF80,0x18EF80,0x8018EF80,atlas_start,0x0,soi_base_int_trq2A@18EF80,18EF80,16,16,512,Start of injection SOI,a2l,1,1,0,soi_base_int_trq2A,high: atlas start fingerprint match cols=16 rows=16 src=atlas; identique vs ORI 9979; fp=e029b39e5149 uniq=12 len=512
soi,70,high,soi_base_int_trq2A@18F180,soi_base_int_trq2A,0x18F180,0x18F180,0x8018F180,atlas_start,0x0,soi_base_int_trq2A@18F180,18F180,16,16,512,Start of injection SOI,a2l,1,1,0,soi_base_int_trq2A,high: atlas start fingerprint match cols=16 rows=16 src=atlas; identique vs ORI 9979; fp=757128756375 uniq=12 len=512
soi,70,high,soi_base_int_trq2A@18F380,soi_base_int_trq2A,0x18F380,0x18F380,0x8018F380,atlas_start,0x0,soi_base_int_trq2A@18F380,18F380,16,16,512,Start of injection SOI,a2l,1,1,0,soi_base_int_trq2A,high: atlas start fingerprint match cols=16 rows=16 src=atlas; identique vs ORI 9979; fp=0268e5b3c1c8 uniq=15 len=512
soi,70,high,soi_base_int_trq2A@18F580,soi_base_int_trq2A,0x18F580,0x18F580,0x8018F580,atlas_start,0x0,soi_base_int_trq2A@18F580,18F580,16,16,512,Start of injection SOI,a2l,1,1,0,soi_base_int_trq2A,high: atlas start fingerprint match cols=16 rows=16 src=atlas; identique vs ORI 9979; fp=0268e5b3c1c8 uniq=15 len=512
soi,70,high,soi_base_int_trq2A@18F780,soi_base_int_trq2A,0x18F780,0x18F780,0x8018F780,atlas_start,0x0,soi_base_int_trq2A@18F780,18F780,16,16,512,Start of injection SOI,a2l,1,1,0,soi_base_int_trq2A,high: atlas start fingerprint match cols=16 rows=16 src=atlas; identique vs ORI 9979; fp=0268e5b3c1c8 uniq=15 len=512
soi,70,high,soi_base_int_trq2A@18FF80,soi_base_int_trq2A,0x18FF80,0x18FF80,0x8018FF80,atlas_start,0x0,soi_base_int_trq2A@18FF80,18FF80,16,16,512,Start of injection SOI,a2l,1,1,0,soi_base_int_trq2A,high: atlas start fingerprint match cols=16 rows=16 src=atlas; identique vs ORI 9979; fp=9b8c1e2f6535 uniq=9 len=512
soi,70,high,soi_base_int_trq2A@190180,soi_base_int_trq2A,0x190180,0x190180,0x80190180,atlas_start,0x0,soi_base_int_trq2A@190180,190180,16,16,512,Start of injection SOI,a2l,1,1,0,soi_base_int_trq2A,high: atlas start fingerprint match cols=16 rows=16 src=atlas; identique vs ORI 9979; fp=9b8c1e2f6535 uniq=9 len=512
soi,70,high,soi_base_int_trq2A@190380,soi_base_int_trq2A,0x190380,0x190380,0x80190380,atlas_start,0x0,soi_base_int_trq2A@190380,190380,16,16,512,Start of injection SOI,a2l,1,1,0,soi_base_int_trq2A,high: atlas start fingerprint match cols=16 rows=16 src=atlas; identique vs ORI 9979; fp=9b8c1e2f6535 uniq=9 len=512
soi,70,high,soi_base_int_trq2A@190580,soi_base_int_trq2A,0x190580,0x190580,0x80190580,atlas_start,0x0,soi_base_int_trq2A@190580,190580,16,16,512,Start of injection SOI,a2l,1,1,0,soi_base_int_trq2A,high: atlas start fingerprint match cols=16 rows=16 src=atlas; identique vs ORI 9979; fp=51708cacdfb5 uniq=10 len=512
soi,70,high,soi_base_int_trq2A@190780,soi_base_int_trq2A,0x190780,0x190780,0x80190780,atlas_start,0x0,soi_base_int_trq2A@190780,190780,16,16,512,Start of injection SOI,a2l,1,1,0,soi_base_int_trq2A,high: atlas start fingerprint match cols=16 rows=16 src=atlas; identique vs ORI 9979; fp=51708cacdfb5 uniq=10 len=512
soi,70,high,soi_base_int_trq2A@190980,soi_base_int_trq2A,0x190980,0x190980,0x80190980,atlas_start,0x0,soi_base_int_trq2A@190980,190980,16,16,512,Start of injection SOI,a2l,1,1,0,soi_base_int_trq2A,high: atlas start fingerprint match cols=16 rows=16 src=atlas; identique vs ORI 9979; fp=51708cacdfb5 uniq=10 len=512
duration,80,high,duration_inj6A,duration_inj6A,0x1CDC84,0x1CDC84,0x801CDC84,atlas_start,0x0,duration_inj6A,1CDC84,18,24,864,Injection system,a2l,1,1,0,duration_inj6A,high: atlas start fingerprint match cols=18 rows=24 src=atlas; note: low u16 diversity (plateau OK at known start); identique vs ORI 9979; fp=66687aadf862 uniq=1 len=864
duration,80,high,duration_inj6A@1CDFE4,duration_inj6A,0x1CDFE4,0x1CDFE4,0x801CDFE4,atlas_start,0x0,duration_inj6A@1CDFE4,1CDFE4,18,24,864,Injection system,a2l,1,1,0,duration_inj6A,high: atlas start fingerprint match cols=18 rows=24 src=atlas; note: low u16 diversity (plateau OK at known start); identique vs ORI 9979; fp=66687aadf862 uniq=1 len=864
speed_limiter,90,high,vmax3,vmax3,0x18047C,0x18047C,0x8018047C,atlas_start,0x0,vmax3,18047C,1,1,2,Vehicle speed limiters,priority,1,1,0,vmax3,high: scalar/mask exact fp (2 bytes) folder=Vehicle speed limiters; identique vs ORI 9979; fp=06b73b868790 uniq=1 len=2
speed_limiter,90,high,vmax3@18047E,vmax3,0x18047E,0x18047E,0x8018047E,atlas_start,0x0,vmax3@18047E,18047E,1,1,2,Vehicle speed limiters,a2l,1,1,0,vmax3,high: scalar/mask exact fp (2 bytes) folder=Vehicle speed limiters; identique vs ORI 9979; fp=06b73b868790 uniq=1 len=2
speed_limiter,90,high,vmax2,vmax2,0x18048A,0x18048A,0x8018048A,atlas_start,0x0,vmax2,18048A,1,1,2,Vehicle speed limiters,a2l,1,1,0,vmax2,high: scalar/mask exact fp (2 bytes) folder=Vehicle speed limiters; identique vs ORI 9979; fp=a403f9b06cd7 uniq=1 len=2
speed_limiter,90,high,vmax2@18048C,vmax2,0x18048C,0x18048C,0x8018048C,atlas_start,0x0,vmax2@18048C,18048C,1,1,2,Vehicle speed limiters,a2l,1,1,0,vmax2,high: scalar/mask exact fp (2 bytes) folder=Vehicle speed limiters; identique vs ORI 9979; fp=a403f9b06cd7 uniq=1 len=2
speed_limiter,90,high,vmax3@18049E,vmax3,0x18049E,0x18049E,0x8018049E,atlas_start,0x0,vmax3@18049E,18049E,1,1,2,Vehicle speed limiters,a2l,1,1,0,vmax3,high: scalar/mask exact fp (2 bytes) folder=Vehicle speed limiters; identique vs ORI 9979; fp=06b73b868790 uniq=1 len=2
speed_limiter,90,high,vmax3@1804A0,vmax3,0x1804A0,0x1804A0,0x801804A0,atlas_start,0x0,vmax3@1804A0,1804A0,1,1,2,Vehicle speed limiters,a2l,1,1,0,vmax3,high: scalar/mask exact fp (2 bytes) folder=Vehicle speed limiters; identique vs ORI 9979; fp=06b73b868790 uniq=1 len=2
speed_limiter,90,high,vmax3@1804A2,vmax3,0x1804A2,0x1804A2,0x801804A2,atlas_start,0x0,vmax3@1804A2,1804A2,1,1,2,Vehicle speed limiters,a2l,1,1,0,vmax3,high: scalar/mask exact fp (2 bytes) folder=Vehicle speed limiters; identique vs ORI 9979; fp=06b73b868790 uniq=1 len=2
egr_control,100,low,airctl_hysteresisC,airctl_hysteresisC,0x1D0100,0x1D0100,0x801D0100,atlas_start,0x0,airctl_hysteresisC,1D0100,16,1,32,Air control,priority,0,0,0,,low: start differs from atlas/ORI fingerprint; differe de ORI 9979; fp=5c8b7e665c41 uniq=9 len=32
egr_control,100,high,airctl_hysteresisC@1D0120,airctl_hysteresisC,0x1D0120,0x1D0120,0x801D0120,atlas_start,0x0,airctl_hysteresisC@1D0120,1D0120,16,1,32,Air control,a2l,1,1,0,airctl_hysteresisC,high: atlas start fingerprint match cols=16 rows=1 src=atlas; note: low u16 diversity (plateau OK at known start); identique vs ORI 9979; fp=aa084b4e5209 uniq=1 len=32
egr_control,100,low,airctl_hysteresisC@1D0160,airctl_hysteresisC,0x1D0160,0x1D0160,0x801D0160,atlas_start,0x0,airctl_hysteresisC@1D0160,1D0160,16,1,32,Air control,a2l,0,0,0,,low: start differs from atlas/ORI fingerprint; differe de ORI 9979; fp=0c38b6a9ca79 uniq=9 len=32
egr_control,100,high,airctl_hysteresisC@1D0180,airctl_hysteresisC,0x1D0180,0x1D0180,0x801D0180,atlas_start,0x0,airctl_hysteresisC@1D0180,1D0180,16,1,32,Air control,a2l,1,1,0,airctl_hysteresisC,high: atlas start fingerprint match cols=16 rows=1 src=atlas; note: low u16 diversity (plateau OK at known start); identique vs ORI 9979; fp=aa084b4e5209 uniq=1 len=32
dtc_egr_com,110,high,DTC_U1112,DTC_U1112,0x19E1AD,0x19E1AD,0x8019E1AD,atlas_start,0x0,DTC_U1112,19E1AD,16,6,83,EGR com,dtc,1,1,0,DTC_U1112,high: atlas start fingerprint match cols=16 rows=6 src=atlas; identique vs ORI 9979; fp=a4a9a34ca9a2 uniq=10 len=83
dtc_egr,110,high,DTC_P1428,DTC_P1428,0x19E809,0x19E809,0x8019E809,atlas_start,0x0,DTC_P1428,19E809,16,2,23,EGR,dtc,1,1,0,DTC_P1428,high: atlas start fingerprint match cols=16 rows=2 src=atlas; identique vs ORI 9979; fp=86e96cbdde8c uniq=7 len=23
dtc_egt,110,high,DTC_P2080,DTC_P2080,0x19FE09,0x19FE09,0x8019FE09,atlas_start,0x0,DTC_P2080,19FE09,16,3,39,EGT,dtc,1,1,0,DTC_P2080,high: atlas start fingerprint match cols=16 rows=3 src=atlas; identique vs ORI 9979; fp=8fdf313bdd2f uniq=10 len=39
dtc_egt,110,high,DTC_P242B,DTC_P242B,0x19FE35,0x19FE35,0x8019FE35,atlas_start,0x0,DTC_P242B,19FE35,16,3,39,EGT,dtc,1,1,0,DTC_P242B,high: atlas start fingerprint match cols=16 rows=3 src=atlas; identique vs ORI 9979; fp=918382b6c6df uniq=10 len=39
dtc_dpf,110,high,DTC_P2002,DTC_P2002,0x1A0071,0x1A0071,0x801A0071,atlas_start,0x0,DTC_P2002,1A0071,16,3,39,DPF,dtc,1,1,0,DTC_P2002,high: atlas start fingerprint match cols=16 rows=3 src=atlas; identique vs ORI 9979; fp=5722f54c78dd uniq=10 len=39
dtc_dpf,110,high,DTC_P2453,DTC_P2453,0x1A009D,0x1A009D,0x801A009D,atlas_start,0x0,DTC_P2453,1A009D,16,8,127,DPF,dtc,1,1,0,DTC_P2453,high: atlas start fingerprint match cols=16 rows=8 src=atlas; identique vs ORI 9979; fp=e05e5a399704 uniq=10 len=127
dtc_dpf,110,high,DTC_P0471,DTC_P0471,0x1A01D1,0x1A01D1,0x801A01D1,atlas_start,0x0,DTC_P0471,1A01D1,16,3,39,DPF,dtc,1,1,0,DTC_P0471,high: atlas start fingerprint match cols=16 rows=3 src=atlas; identique vs ORI 9979; fp=29a173d9ffd3 uniq=10 len=39
dtc_dpf,110,high,DTC_P2456,DTC_P2456,0x1A0229,0x1A0229,0x801A0229,atlas_start,0x0,DTC_P2456,1A0229,16,3,39,DPF,dtc,1,1,0,DTC_P2456,high: atlas start fingerprint match cols=16 rows=3 src=atlas; identique vs ORI 9979; fp=c0ff5d93b753 uniq=10 len=39
dtc_egr,110,high,DTC_P2425,DTC_P2425,0x1A06A1,0x1A06A1,0x801A06A1,atlas_start,0x0,DTC_P2425,1A06A1,16,3,39,EGR,dtc,1,1,0,DTC_P2425,high: atlas start fingerprint match cols=16 rows=3 src=atlas; identique vs ORI 9979; fp=3fb05eacbab9 uniq=10 len=39
dtc_egr,110,high,DTC_P2426,DTC_P2426,0x1A06CD,0x1A06CD,0x801A06CD,atlas_start,0x0,DTC_P2426,1A06CD,16,3,39,EGR,dtc,1,1,0,DTC_P2426,high: atlas start fingerprint match cols=16 rows=3 src=atlas; identique vs ORI 9979; fp=104ac8b5566c uniq=10 len=39
dtc_egr,110,high,DTC_P2427,DTC_P2427,0x1A06F9,0x1A06F9,0x801A06F9,atlas_start,0x0,DTC_P2427,1A06F9,16,3,39,EGR,dtc,1,1,0,DTC_P2427,high: atlas start fingerprint match cols=16 rows=3 src=atlas; identique vs ORI 9979; fp=28a5f8b145d1 uniq=10 len=39
dtc_egr,110,high,DTC_P0401,DTC_P0401,0x1A0725,0x1A0725,0x801A0725,atlas_start,0x0,DTC_P0401,1A0725,16,3,39,EGR,dtc,1,1,0,DTC_P0401,high: atlas start fingerprint match cols=16 rows=3 src=atlas; identique vs ORI 9979; fp=10251f226b56 uniq=10 len=39
dtc_egr,110,high,DTC_P0402,DTC_P0402,0x1A0751,0x1A0751,0x801A0751,atlas_start,0x0,DTC_P0402,1A0751,16,3,39,EGR,dtc,1,1,0,DTC_P0402,high: atlas start fingerprint match cols=16 rows=3 src=atlas; identique vs ORI 9979; fp=1aa90c16f8ff uniq=10 len=39
dtc_egr,110,high,DTC_P0403,DTC_P0403,0x1A0885,0x1A0885,0x801A0885,atlas_start,0x0,DTC_P0403,1A0885,16,6,83,EGR,dtc,1,1,0,DTC_P0403,high: atlas start fingerprint match cols=16 rows=6 src=atlas; identique vs ORI 9979; fp=652b3cccf6b7 uniq=10 len=83
dtc_egr,110,high,DTC_P0400,DTC_P0400,0x1A0935,0x1A0935,0x801A0935,atlas_start,0x0,DTC_P0400,1A0935,16,3,39,EGR,dtc,1,1,0,DTC_P0400,high: atlas start fingerprint match cols=16 rows=3 src=atlas; identique vs ORI 9979; fp=f90c4a5edfb5 uniq=12 len=39
dtc_egr,110,high,DTC_P1400,DTC_P1400,0x1A0961,0x1A0961,0x801A0961,atlas_start,0x0,DTC_P1400,1A0961,16,3,39,EGR,dtc,1,1,0,DTC_P1400,high: atlas start fingerprint match cols=16 rows=3 src=atlas; identique vs ORI 9979; fp=659c7d905575 uniq=10 len=39
dtc_dpf,110,high,DTC_P2463,DTC_P2463,0x1A1409,0x1A1409,0x801A1409,atlas_start,0x0,DTC_P2463,1A1409,16,3,39,DPF,dtc,1,1,0,DTC_P2463,high: atlas start fingerprint match cols=16 rows=3 src=atlas; identique vs ORI 9979; fp=e90f55d92a25 uniq=10 len=39
dtc_dpf_o2,110,high,DTC_P2626,DTC_P2626,0x1A1931,0x1A1931,0x801A1931,atlas_start,0x0,DTC_P2626,1A1931,16,3,39,DPF/O2,dtc,1,1,0,DTC_P2626,high: atlas start fingerprint match cols=16 rows=3 src=atlas; identique vs ORI 9979; fp=30875fb34804 uniq=15 len=39
dtc_dpf,110,high,DTC_P3004,DTC_P3004,0x1A22A5,0x1A22A5,0x801A22A5,atlas_start,0x0,DTC_P3004,1A22A5,16,2,26,DPF,dtc,1,1,0,DTC_P3004,high: atlas start fingerprint match cols=16 rows=2 src=atlas; identique vs ORI 9979; fp=82b8e336566c uniq=7 len=26
dtc_dpf,110,high,DTC_P3005,DTC_P3005,0x1A2381,0x1A2381,0x801A2381,atlas_start,0x0,DTC_P3005,1A2381,16,2,26,DPF,dtc,1,1,0,DTC_P3005,high: atlas start fingerprint match cols=16 rows=2 src=atlas; identique vs ORI 9979; fp=2810a3f4b394 uniq=7 len=26
dtc_dpf,110,high,DTC_P2458,DTC_P2458,0x1A2959,0x1A2959,0x801A2959,atlas_start,0x0,DTC_P2458,1A2959,16,3,39,DPF,dtc,1,1,0,DTC_P2458,high: atlas start fingerprint match cols=16 rows=3 src=atlas; identique vs ORI 9979; fp=e942a7ebecf3 uniq=10 len=39
dtc_egt,110,high,DTC_P0544,DTC_P0544,0x1A2CC9,0x1A2CC9,0x801A2CC9,atlas_start,0x0,DTC_P0544,1A2CC9,16,3,39,EGT,dtc,1,1,0,DTC_P0544,high: atlas start fingerprint match cols=16 rows=3 src=atlas; identique vs ORI 9979; fp=f9d5ee9d313b uniq=10 len=39
dtc_egt,110,high,DTC_P246E,DTC_P246E,0x1A2DA5,0x1A2DA5,0x801A2DA5,atlas_start,0x0,DTC_P246E,1A2DA5,16,2,23,EGT,dtc,1,1,0,DTC_P246E,high: atlas start fingerprint match cols=16 rows=2 src=atlas; identique vs ORI 9979; fp=ffd203915e97 uniq=5 len=23
dtc_egt,110,high,DTC_P0545,DTC_P0545,0x1A2DD1,0x1A2DD1,0x801A2DD1,atlas_start,0x0,DTC_P0545,1A2DD1,16,3,39,EGT,dtc,1,1,0,DTC_P0545,high: atlas start fingerprint match cols=16 rows=3 src=atlas; identique vs ORI 9979; fp=debecf3fef3b uniq=10 len=39
dtc_dpf,110,high,DTC_P2454,DTC_P2454,0x1A32A1,0x1A32A1,0x801A32A1,atlas_start,0x0,DTC_P2454,1A32A1,16,3,39,DPF,dtc,1,1,0,DTC_P2454,high: atlas start fingerprint match cols=16 rows=3 src=atlas; identique vs ORI 9979; fp=d72f63a5e6b1 uniq=10 len=39
dtc_egr_dpf,110,high,DTC_P046C,DTC_P046C,0x1A32CD,0x1A32CD,0x801A32CD,atlas_start,0x0,DTC_P046C,1A32CD,16,3,39,EGR/DPF,dtc,1,1,0,DTC_P046C,high: atlas start fingerprint match cols=16 rows=3 src=atlas; identique vs ORI 9979; fp=c6ffa294b00c uniq=10 len=39
dtc_egr,110,high,DTC_P0407,DTC_P0407,0x1A3325,0x1A3325,0x801A3325,atlas_start,0x0,DTC_P0407,1A3325,16,3,39,EGR,dtc,1,1,0,DTC_P0407,high: atlas start fingerprint match cols=16 rows=3 src=atlas; identique vs ORI 9979; fp=c8afbdab0d2e uniq=10 len=39
